0001	Terms and Conditions – Standard Plus
0002	Skip to content
0003	Standard
0004	Plus
0005	Recruitment
0006	Main navigation
0007	Workers
0008	Companies
0009	How it works
0010	Pricing
0011	Sign in
0012	Dashboard
0013	My profile
0014	Sign out
0015	Open menu
0016	Terms and Conditions
0017	Version of 1 September 2026
0018	Draft:[[1]] This text is a framework and does not replace legal advice. Have it reviewed by a lawyer before use – in particular the fee rules towards jobseekers (§§ 296 et seq. SGB III), liability and prohibited clauses under §§ 305 et seq. BGB.
0019	§ 1 Scope
0020	(1) These terms apply to the use of the Standard Plus platform by companies, staffing agencies and jobseekers.
0021	(2) Deviating terms of users do not become part of the contract unless we expressly agree to their validity in writing.
0022	§ 2 Services
0023	(1) Standard Plus provides a platform on which companies and jobseekers find each other. We owe the provision of the platform, not the success of a placement.
0024	(2) Depending on the chosen model, the scope of services includes profile search, professional matching, video interviews with translation, contract handling and coordination of travel.
0025	(3) Professional matching is a decision aid. The selection decision is always made by the company.
0026	§ 3 Registration and account
0027	(1) Use requires an account. Information must be truthful and kept up to date.
0028	(2) Login details must be kept secret. Two-factor authentication is mandatory for company accounts. Any suspected misuse must be reported immediately to [security@ihre-domain.de].
0029	(3) We may suspend accounts if there is reasonable suspicion of misuse, false information or legal violations.
0030	§ 4 Obligations of users
0031	(1) Only data that users are entitled to process may be uploaded. Creating profiles of third parties without their knowledge is prohibited.
0032	(2) Contact details released via the platform may only be used for the purpose of filling the specific position. Passing them on to third parties, advertising and building own databases are prohibited.
0033	(3) Job advertisements must be worded free of discrimination within the meaning of the German General Equal Treatment Act.
0034	(4) Automated scraping of the platform is prohibited.
0035	§ 5 Fees
0036	(1) The amounts shown on the pricing page apply. All prices are subject to statutory VAT.
0037	(2) The fee for an individual placement becomes due when the employment contract between the company and the placed person is concluded.
0038	(3) No fee is charged to jobseekers for the placement.
0039	(4) Invoices are payable within 14 days without deduction.
0040	§ 6 Term and termination
0041	(1) Subscriptions have a minimum term of six months and are then extended indefinitely.
0042	(2) After the minimum term, the subscription can be cancelled at any time with one month's notice. Cancellation is possible in the account and in text form.
0043	(3) The right to terminate for good cause remains unaffected.
0044	§ 7 Replacement
0045	If a placed person leaves within the first three months for reasons for which the company is not responsible, a new placement is made at no additional charge. This requires notification within 14 days of the departure.
0046	§ 8 Data protection
0047	The processing of personal data is governed by the [[1]]privacy policy[[2]]. Users who process third-party data via the platform are independently responsible for this and indemnify us against third-party claims arising from a breach of this obligation.
0048	§ 9 Availability
0049	We aim for an average annual availability of 99 per cent. Announced maintenance windows and outages for which we are not responsible are excluded.
0050	§ 10 Liability
0051	(1) We are liable without limitation for intent and gross negligence and for injury to life, body and health.
0052	(2) In the case of simple negligence, we are only liable for the breach of an essential contractual obligation, limited to the foreseeable damage typical for the contract.
0053	(3) We are not liable for the accuracy of information uploaded by users or for an employment relationship coming about.
0054	§ 11 Right of withdrawal for consumers
0055	Consumers have a right of withdrawal of 14 days. Details and the model withdrawal form can be found in the withdrawal policy. Companies have no right of withdrawal.
0056	§ 12 Changes to these terms
0057	We announce changes in text form at least six weeks before they take effect. If you do not object within this period, the changes are deemed accepted. We point out the significance of silence separately in the announcement.
0058	§ 13 Final provisions
0059	(1) The law of the Federal Republic of Germany applies, excluding the UN Convention on Contracts for the International Sale of Goods. For consumers, this applies only insofar as mandatory protective provisions of their country of residence are not restricted.
0060	(2) The place of jurisdiction for merchants is [place].
0061	(3) Should any provision be invalid, the validity of the remaining provisions remains unaffected.
0062	© 2026 Standard Plus. All rights reserved.
0063	Home
0064	Privacy
0065	Legal notice
0066	Cookies
0067	Dashboard – Standard Plus
0068	Main menu
0069	Workspace
0070	Find talent
0071	Free-text search
0072	Processes
0073	Pipeline
0074	Contracts
0075	Messages
0076	Interviews
0077	Interpreter
0078	Travel
0079	Tools
0080	Translation
0081	Transport
0082	Reports
0083	Privacy centre
0084	Security
0085	Settings
0086	Musterfirma GmbH[[1]] [[2]]Signed in
0087	Show or hide menu
0088	Good day, [[1]]welcome
0089	Overview of your ongoing placements
0090	Search
0091	Profiles, jobs, contracts
0092	Privacy settings
0093	Notifications
0094	Profiles in the database
0095	Mutual approvals
0096	Open requests
0097	Own open positions
0098	Your journey
0099	View all routes
0100	Matching profiles
0101	View all
0102	Full names and contact details are only shown after mutual approval. Your selection is logged and can be viewed in the privacy centre.
0103	Activity
0104	Privacy and security status
0105	Go to privacy centre
0106	Two-factor active
0107	Loading
0108	Deletion periods running
0109	Declined requests after 30 days, application data six months after completion.
0110	Access logged
0111	Requests
0112	Hiring pipeline
0113	Manage
0114	New
0115	Maria K.[[1]][[2]]Nurse · Hungary
0116	Target
0117	today
0118	Stefan I.[[1]][[2]]Electrician · Romania
0119	Review
0120	Jana N.[[1]][[2]]Accounting · Czechia
0121	Monday
0122	Luca E.[[1]][[2]]Electrical · Italy
0123	Tuesday
0124	Interview
0125	Andreea M.[[1]][[2]]Kitchen · Romania
0126	tomorrow
0127	Piotr W.[[1]][[2]]Development · Poland
0128	Remote
0129	Wednesday
0130	Offer
0131	Ion T.[[1]][[2]]Site management · Romania
0132	Thursday
0133	Placements by sector
0134	Report
0135	Healthcare and nursing
0136	Construction and trades
0137	IT and technology
0138	Logistics
0139	Hospitality
0140	Quick actions
0141	Post a job[[1]][[2]]Create a new vacancy
0142	Search profiles[[1]][[2]]Filters and suggestions
0143	Start interview[[1]][[2]]With live translation
0144	Create contract[[1]][[2]]eIDAS signature
0145	Book travel[[1]][[2]]Coordinate transport
0146	Export data[[1]][[2]]Access under Art. 15
0147	· [[1]]Security[[2]] · [[3]]Legal notice[[4]] · [[5]]Terms[[6]] · [[7]]Cookie settings
0148	Privacy centre – Standard Plus
0149	Here you can see which data is held about your account, who has accessed it, and exercise your rights – without going through support.
0150	Signed-in account
0151	Locks after 15 min.
0152	Consents
0153	Your current selection. Changes take effect immediately and are logged with a timestamp (Art. 7(1) GDPR).
0154	Change settings
0155	Withdraw all consents
0156	Exercise your rights
0157	Access under Art. 15 GDPR
0158	Overview of all data stored about you, purposes, recipients and retention periods. Processed within one month.
0159	Request
0160	Data portability under Art. 20 GDPR
0161	Export in machine-readable JSON format for transfer to another provider. Generated directly in your browser.
0162	Create export
0163	Rectification under Art. 16 GDPR
0164	Have incorrect information in your profile, qualifications or contact details corrected.
0165	Report a correction
0166	Erasure under Art. 17 GDPR
0167	Permanently remove your account and profile data. Invoice data remains stored for up to ten years due to statutory retention obligations and is blocked during that time.
0168	Delete account
0169	Who has accessed your profile?
0170	Every access to personal data is recorded. Companies only see profiles for which there is an approval or an open request.
0171	Time
0172	Accessing party
0173	Reason
0174	Scope
0175	today, 09:41
0176	Musterklinikum Berlin
0177	open position intensive care
0178	pseudonymised
0179	yesterday, 16:02
0180	Musterbau AG
0181	Interview preparation
0182	after approval
0183	yesterday, 11:18
0184	Standard Plus Support
0185	Ticket 4821, at your request
0186	Master data
0187	3 days ago, 08:55
0188	TechCorp GmbH
0189	Search hit
0190	Signed-in devices
0191	Device
0192	Location
0193	Last activity
0194	This device
0195	Germany
0196	now
0197	active
0198	Office computer
0199	2 days ago
0200	Don't recognise a device? Sign it out, change your password and inform [security@ihre-domain.de].
0201	Log of this session
0202	All actions carried out in this session. The record stays exclusively in your browser and is deleted when you close it.
0203	No entries yet.
0204	Refresh
0205	Download log
0206	If you have any questions, you can reach our data protection officer at [datenschutz@ihre-domain.de]. Your right to lodge a complaint with the supervisory authority remains unaffected.
0207	Really delete your account?
0208	Your profile, your messages and all approvals will be permanently removed. Ongoing placements will be cancelled. Invoice data remains stored and blocked until the statutory retention period expires.
0209	To confirm, type [[1]]DELETE[[2]]
0210	Delete permanently
0211	Cancel
0212	Privacy policy of Standard Plus under Art. 13 and 14 GDPR.
0213	Privacy policy – Standard Plus
0214	Privacy policy
0215	Version of 1 September 2026 · Version 3.0
0216	Note for operation:[[1]] All details in square brackets are placeholders and must be replaced with the actual company details and reviewed by a lawyer before publication. Statements about certifications may only remain if they actually exist.
0217	Protecting your personal data is of central importance to us. In recruitment we process information that reaches deep into people's lives. This policy describes which data we process for which purpose, on which legal basis, and which rights you have.
0218	Contents
0219	Controller
0220	Data protection officer
0221	Categories of data processed
0222	Purposes and legal bases
0223	Recipients
0224	Transfer to third countries
0225	Retention and deletion
0226	Automated decisions
0227	Cookies and local storage
0228	Server logs
0229	Your rights
0230	Security of processing
0231	Changes
0232	1. Controller
0233	The controller within the meaning of Art. 4(7) GDPR is:
0234	[Company name][[1]][Street and number][[2]][Postcode and town][[3]] Phone: [phone number][[4]]Email: [datenschutz@ihre-domain.de]
0235	2. Data protection officer
0236	You can reach our data protection officer at [datenschutz@ihre-domain.de] or by post at the address above, marked “Data protection officer”.
0237	Note: Appointment is mandatory, among other things, if the core activity consists of large-scale processing of special categories of data (Art. 37 GDPR, § 38 BDSG).
0238	3. Categories of data processed
0239	3.1 For applicants
0240	Master data: name, address, date of birth, nationality
0241	Contact details: email address, phone number
0242	Qualification data: degrees, references, recognition decisions, language level, work experience, driving licences and certificates
0243	Availability, preferred region and salary expectation
0244	Communication data from messages and interview appointments
0245	Information on residence and work permits, where legally required
0246	3.2 For companies and agencies
0247	Company data, commercial register number, VAT identification number
0248	Contact details of authorised contact persons
0249	Contract and billing data
0250	3.3 Special categories
0251	We process health-related information only if it is legally required for carrying out the work, such as occupational health fitness certificates. The legal basis is Art. 9(2)(b) GDPR in conjunction with § 26(3) BDSG, or your explicit consent. We do not collect information on religion, trade union membership, ethnic origin or sexual orientation and ask you not to enter it in free-text fields.
0252	4. Purposes and legal bases
0253	Purpose
0254	Legal basis
0255	Note
0256	Providing the user account
0257	Art. 6(1)(b) GDPR
0258	Performance of contract
0259	Placement and matching of profiles
0260	Core service of the platform
0261	Passing contact details to a company
0262	Art. 6(1)(a) GDPR
0263	only after mutual approval
0264	Live translation in the interview
0265	Consent before the conversation starts
0266	Recording an interview
0267	only with the consent of all participants
0268	Protection against misuse and attacks
0269	Art. 6(1)(f) GDPR
0270	legitimate interest in secure operation
0271	Invoicing and accounting
0272	Art. 6(1)(c) GDPR
0273	commercial and tax law obligations
0274	Product information by email
0275	voluntary, can be withdrawn at any time
0276	5. Recipients
0277	Data is only transferred where necessary:
0278	to companies that have requested a profile – only after your explicit approval
0279	to processors under a contract pursuant to Art. 28 GDPR, in particular hosting, email delivery and translation service – all located in the EU
0280	to authorities, where there is a legal obligation
0281	Data is not passed on to advertising networks, data brokers or social networks.
0282	6. Transfer to third countries
0283	Processing and backups take place exclusively in data centres within the European Union. No data is transferred to third countries. Should this change in future, we will inform you in advance and base the transfer on an adequacy decision or standard contractual clauses, including an assessment of the level of protection in the destination country.
0284	7. Retention and deletion
0285	Data
0286	Period
0287	Basis
0288	Application documents without placement
0289	6 months after the procedure ends
0290	Evidence period under § 15 AGG plus a buffer
0291	Profile with active account
0292	until you delete it
0293	Contractual relationship
0294	Dormant account without sign-in
0295	Reminder after 18 months, deletion after 24 months
0296	Principle of storage limitation
0297	Interview recording
0298	30 days
0299	Consent, then automatic deletion
0300	Conversation log
0301	90 days
0302	Consent
0303	Access and security logs
0304	14 days, longer in case of a security incident
0305	legitimate interest
0306	Invoices and accounting records
0307	10 years
0308	Records of consent
0309	3 years after withdrawal
0310	Accountability, Art. 5(2) GDPR
0311	8. Automated decisions and profiling
0312	Our system calculates a score for the professional match between a profile and a position. This score is a pre-sorting and serves as a decision aid. No rejection or acceptance takes place solely on the basis of automated processing; every decision is made and taken responsibility for by a human.
0313	You have the right to learn the criteria of the calculation, to state your point of view and to request a review by a person (Art. 22(3) GDPR). The criteria used can be viewed in your account.
0314	9. Cookies and local storage
0315	We only set what is technically necessary or what you have consented to. You can change your selection at any time via [[1]]cookie settings[[2]].
0316	Name
0317	Duration
0318	Category
0319	sp.session
0320	Sign-in status during the session
0321	until the browser is closed
0322	necessary
0323	sp.consent.v1
0324	stores your privacy selection
0325	12 months
0326	csrf_token
0327	Protection against request forgery
0328	Session
0329	sp.f.*
0330	Filter and view settings
0331	6 months
0332	functional
0333	No third-party services are loaded. This website does not embed external fonts, maps, video platforms or analytics scripts. As a result, no connection to servers outside our infrastructure is made when you visit it.
0334	10. Server logs
0335	When you visit, technically necessary data is logged: shortened IP address, time, requested resource, amount transferred, status code and browser type. Storage serves operational security and defence against attacks (Art. 6(1)(f) GDPR). It is deleted after 14 days unless a security incident requires longer retention.
0336	11. Your rights
0337	Access[[1]] to the data stored about you (Art. 15)
0338	Rectification[[1]] of inaccurate data (Art. 16)
0339	Erasure[[1]], unless a retention obligation prevents it (Art. 17)
0340	Restriction[[1]] of processing (Art. 18)
0341	Data portability[[1]] in a structured format (Art. 20)
0342	Objection[[1]] to processing based on legitimate interests (Art. 21)
0343	Withdrawal[[1]] of consent given, with effect for the future (Art. 7(3))
0344	You can exercise these rights directly in the [[1]]privacy centre[[2]] or informally at [datenschutz@ihre-domain.de]. We reply within one month.
0345	Irrespective of this, you have the right to lodge a complaint with a supervisory authority, in particular at your place of residence or our registered office: [enter the competent state data protection authority].
0346	12. Security of processing
0347	We take technical and organisational measures pursuant to Art. 32 GDPR. The current state is described in detail on the [[1]]security[[2]] page, including transport encryption, encrypted storage, two-factor authentication, role and permission concept, logging and regular reviews.
0348	13. Changes to this policy
0349	We adapt this policy when processing changes. We announce significant changes in your account at least 30 days in advance. Earlier versions are available on request.
0350	Want to view, export or delete your data? You can do that directly in the [[1]]privacy centre[[2]].
0351	Interpreter – Standard Plus
0352	Everyone speaks their own language
0353	You speak English, the other person hears Romanian – and vice versa. Two devices, one code. A microphone and speaker are enough, no headphones needed.
0354	1 · YOUR LANGUAGE
0355	What language do you speak?
0356	German · Deutsch
0357	Romanian · Română
0358	Polish · Polski
0359	Bulgarian · Български
0360	Hungarian · Magyar
0361	Croatian · Hrvatski
0362	Slovak · Slovenčina
0363	Czech · Čeština
0364	Italian · Italiano
0365	Spanish · Español
0366	Portuguese · Português
0367	Turkish · Türkçe
0368	Ukrainian · Українська
0369	English
0370	Nobody sets the target language – it follows from what the other side has chosen.
0371	2 · CODE
0372	Both sides enter the same one
0373	Generate new code
0374	Read it out to the other side on the phone or send it by message.
0375	How should you be shown?
0376	First name is enough
0377	Only shown to the other person. Not stored.
0378	4 · HOW YOU SPEAK
0379	Via microphone and speaker
0380	You need nothing but your device. While the translation is read out, the microphone pauses briefly – otherwise it would hear its own output and translate it again. So you take turns speaking, just as with an interpreter.
0381	I'm using headphones.[[1]] Then the pause is skipped and you can also speak while the translation is playing. In noisy surroundings – a building site, a factory floor – this is the better choice, but it isn't required.
0382	No interpreter server configured. Enter the address in [[1]]assets/sp-konfig.js[[2]], then you can speak here.
0383	Start interpreter
0384	Connected.
0385	End
0386	YOU SAY
0387	Start speaking. What the server understood appears here.
0388	YOU HEAR
0389	As soon as the other side speaks, it appears here – and you hear it in your language.
0390	Where your voice goes:[[1]] only to the server whose address is configured in this application. No second recipient, no recording, no storage. The audio is discarded after each sentence. Original and translation always appear side by side so that misunderstandings are noticed.
0391	Not a binding translation.[[1]] For salary, working hours and safety commitments, a human should be involved, or a written confirmation in both languages.
0392	Legal notice – Standard Plus
0393	Information pursuant to § 5 of the German Digital Services Act (DDG)
0394	Fill in before publication:[[1]] All details in square brackets are placeholders. An incomplete legal notice can result in a formal warning.
0395	Provider
0396	[Company name, legal form][[1]] [Street and number][[2]] [Postcode and town][[3]] [Country]
0397	Contact
0398	Phone: [phone number][[1]] Email: [kontakt@ihre-domain.de][[2]] Security reports: [security@ihre-domain.de][[3]] Data protection: [datenschutz@ihre-domain.de]
0399	Authorised representatives
0400	[First and last name of the management]
0401	Register entry
0402	Register court: [local court][[1]] Register number: [HRB 000000]
0403	VAT
0404	VAT identification number pursuant to § 27a of the German VAT Act: [DE000000000]
0405	Licence and supervision
0406	If temporary agency work is carried out, a licence under § 1 of the German Temporary Employment Act is required.
0407	Licence granted by: [Federal Employment Agency, competent regional directorate][[1]] Granted on: [date] · Reference: [number]
0408	Pure job placement without temporary agency work does not require a licence but is subject to §§ 296 et seq. SGB III. In particular: as a rule, no fee may be charged to jobseekers. Please check the business model accordingly.
0409	Editorial responsibility
0410	Responsible for journalistic and editorial content pursuant to § 18(2) of the German Interstate Media Treaty:[[1]] [First and last name][[2]][Address]
0411	Consumer dispute resolution
0412	We are [not] willing or obliged to take part in dispute resolution proceedings before a consumer arbitration board.
0413	Note: The European Commission's online dispute resolution platform was discontinued in July 2025. The previously common reference to ec.europa.eu/consumers/odr no longer belongs in a legal notice.
0414	Liability for content
0415	As a service provider, we are responsible for our own content on these pages in accordance with general law. However, we are not obliged to monitor transmitted or stored third-party information or to investigate circumstances that indicate unlawful activity. Obligations to remove or block the use of information under general law remain unaffected. Liability in this respect is only possible from the time we become aware of a specific legal violation. As soon as we become aware of such violations, we will remove this content immediately.
0416	Liability for links
0417	This website deliberately links only to its own pages. Should external links be added in future: we have no influence on their content. The respective provider is always responsible for the content of linked pages.
0418	Copyright
0419	The content and works created by the site operators are subject to German copyright law. Contributions by third parties are marked as such.
0420	Accessibility
0421	We design this platform according to the requirements of WCAG 2.1 at level AA. Please report barriers to [kontakt@ihre-domain.de]; we will fix them promptly.
0422	Video interview – Standard Plus
0423	Video interview
0424	Interview with live translation
0425	Demo conversation:[[1]] Freely accessible because only fictitious people and a prepared dialogue are used here. A real interview is only available after signing in and mutual approval.
0426	Choose your role. Both sides speak their own language, the translation runs in real time.
0427	No interpreter server configured:[[1]] Below you see the prepared sample conversation – fixed sentences, no real translation. As soon as your own server's address is entered in [[2]]assets/sp-konfig.js[[3]], the live interpreter button appears here.
0428	Thomas Becker[[1]] [[2]]Head of HR · Musterbau AG[[3]] [[4]][[5]]DE[[6]] speaks German
0429	Ion Tudose[[1]] [[2]]Foreman and site manager[[3]] [[4]][[5]]RO[[6]] speaks Romanian
0430	I consent to my speech being automatically translated during the conversation. Processing takes place on servers in the EU (Art. 6(1)(a) GDPR). [[1]]Required.
0431	Additionally: the conversation may be recorded. Without the consent of both sides, no recording takes place. Voluntary, can be withdrawn at any time.
0432	Additionally: an automatic conversation log may be created. The final decision is always made by a human (Art. 22 GDPR).
0433	Please choose a role and give consent
0434	Interpreter only, without video
0435	· [[1]]Back to dashboard[[2]] · [[3]]Privacy policy
0436	Interview · Ion Tudose and Thomas Becker
0437	Not recording
0438	End-to-end encrypted
0439	Security information
0440	Profile
0441	Log
0442	Assessment
0443	Ion Tudose
0444	Foreman · 8 years of experience
0445	Romanian, German B1
0446	Structural work
0447	Reinforced concrete
0448	Crane licence
0449	Match with the position
0450	Calculated from qualification, experience, region and availability. The weighting can be viewed in the profile.
0451	Thomas Becker
0452	Head of HR · Musterbau AG
0453	Company verified
0454	Automatic log
0455	The log is updated during the conversation.
0456	The log is a draft and must be checked before use. It is deleted automatically after 90 days.
0457	Assessment
0458	Communication
0459	Technical skills
0460	Occupational safety
0461	Overall impression
0462	This assessment is a decision aid. A rejection may not be based on it alone (Art. 22 GDPR).
0463	Translation active
0464	Live translation
0465	Romanian
0466	Clear history
0467	The conversation starts as soon as someone speaks. Every translation is shown with the original text.
0468	Camera
0469	Microphone
0470	Share screen
0471	Sample conversation
0472	Live interpreter
0473	Recording
0474	Participants
0475	End interview
0476	Interpreter ready.
0477	Message
0478	Write a message – it will be translated
0479	Send
0480	Sign in – Standard Plus
0481	Your access to[[1]]vetted skilled workers
0482	One account for matching, interviews, contracts and transport – secured to the state of the art.
0483	Two-factor authentication for every company account
0484	Data stays in EU data centres
0485	Every sign-in is logged and can be reviewed
0486	No sharing of contact details without approval
0487	27[[1]][[2]]EU countries
0488	24[[1]][[2]]languages
0489	0[[1]][[2]]trackers
0490	Your session ended automatically after 15 minutes of inactivity. Please sign in again.
0491	Sign in or register
0492	Register
0493	Welcome back
0494	Sign in with your login details.
0495	Fax (please leave empty)
0496	Email address
0497	name@company.com
0498	Please enter a valid email address.
0499	Password
0500	Your password
0501	Show password
0502	Please enter your password.
0503	Remember this device for 30 days
0504	Forgot password?
0505	Continue to verification
0506	Prototype:[[1]] Accounts are really created, but stored only in this browser. Nothing is sent to a server. Passwords are salted and stored as a hash, never in plain text.
0507	Test login details
0508	So that you can see the complete process from both sides, sample accounts are set up. Password in each case: [[1]]Demo!2026
0509	Role
0510	Employer (Musterbau AG)
0511	demo@unternehmen.invalid
0512	Worker (Ion Tudose)
0513	demo1@beispiel.invalid
0514	Worker (Maria Kovacs)
0515	demo0@beispiel.invalid
0516	Shared logins like these only exist in the prototype. In live operation, every account has its own password and two-factor protection.
0517	No account yet?
0518	Register now
0519	1[[1]]Role
0520	2[[1]]Login details
0521	3[[1]]Verification
0522	How would you like to use Standard Plus?
0523	Choose your role. After that we only ask for what you really need.
0524	Employer
0525	I'm looking for staff[[1]] [[2]]Post jobs, search vetted profiles and send requests. You only pay once a placement is made.
0526	I'm looking for a job[[1]] [[2]]Create a profile, upload your credentials and get found by companies. Use is permanently free for you.
0527	Transport company
0528	I drive the route[[1]] [[2]]Enter routes with weekdays and stops. Placed workers find your trips and book the right day directly.
0529	Your data only becomes visible once you approve a request. Before that, others only see professional details without name and contact details.
0530	Already registered?
0531	Sign in now
0532	Employer[[1]] [[2]]I'm looking for staff
0533	Change
0534	Create account
0535	Just five details – you can fill in the profile at your leisure afterwards.
0536	Company name
0537	Your name
0538	First name
0539	Last name
0540	Used as your login name. We don't send advertising without your consent.
0541	At least 12 characters
0542	at least 12 characters
0543	Upper- and lower-case letters
0544	at least one digit
0545	a special character
0546	I have read the [[1]]terms[[2]] and the [[3]]privacy policy[[4]] and agree to the processing described there. [[5]](required)
0547	I would like to receive product news by email. Can be withdrawn at any time.
0548	Registration is not possible without this consent.
0549	Back
0550	Two-step verification
0551	Enter the six-digit code from your authenticator app. The code changes every 30 seconds.
0552	Digit 1
0553	Digit 2
0554	Digit 3
0555	Digit 4
0556	Digit 5
0557	Digit 6
0558	Please enter all six digits.
0559	Complete sign-in
0560	In the prototype, any six-digit code is accepted. In production: TOTP according to RFC 6238, codes can be used only once, after five failed attempts the account is locked for 15 minutes.
0561	Access with recovery code
0562	· [[1]]Security[[2]] · [[3]]Legal notice[[4]] · [[5]]Cookie settings
0563	Standard Plus - the European recruitment platform. Data-minimising matching, live translation in interviews, digital contracts. Operated exclusively in the EU.
0564	Standard Plus – Recruitment for Europe
0565	Standard Plus home page
0566	Recruitment across Europe
0567	Standard Plus[[1]]Connecting people.[[2]][[3]]Shaping success.
0568	Qualified skilled workers. Reliable. Personal. Fast.
0569	The European platform that brings together companies, agencies and talent – with vetted profiles, live translation in interviews and digital contracts. Personal data only becomes visible after mutual approval.
0570	What are you looking for?
0571	Describe who you are looking for – e.g. foreman for Munich, available immediately
0572	Suggestions
0573	No sign-in required · every suggestion is explained · [[1]]Looking for a company?
0574	Register for free
0575	View profiles
0576	27[[1]][[2]]EU member states
0577	24[[1]][[2]]languages in interviews
0578	0[[1]][[2]]external trackers
0579	Your suggestions today[[1]] [[2]]4 new
0580	Maria K.[[1]] [[2]]Registered nurse · 12 years · German B2
0581	Ion T.[[1]] [[2]]Foreman · 8 years · German B1
0582	Piotr W.[[1]] [[2]]Full-stack developer · 10 years
0583	Pseudonymised view: surname, contact details and documents are only released after mutual consent (data minimisation, Art. 5(1)(c) GDPR).
0584	Data centres in the EU
0585	TLS 1.3 · Encrypted storage
0586	Two-factor sign-in
0587	Verified company profiles
0588	No third-party trackers
0589	Vetted profiles from all over Europe
0590	Every profile is checked for proof of qualifications before activation. Only what is needed for pre-selection is visible.
0591	Maria K.
0592	Registered nurse
0593	Cluj (RO) → Germany
0594	Intensive care
0595	Emergency department
0596	German B2
0597	12 years
0598	Professional match
0599	Request contact
0600	View profile
0601	Ion T.
0602	Foreman and site manager
0603	Timișoara (RO) → Bavaria
0604	German B1
0605	Piotr W.
0606	Full-stack developer
0607	Warsaw (PL) → Remote / EU
0608	React
0609	Node.js
0610	English C2
0611	Andreea M.
0612	Sous chef
0613	Bucharest (RO) → Vienna
0614	Fine dining
0615	À la carte
0616	Pastry
0617	Luca E.
0618	Electrical installer
0619	Milan (IT) → Frankfurt
0620	Industrial plants
0621	Photovoltaics
0622	German A2
0623	Sofia D.
0624	Geriatric nurse (qualified)
0625	Sofia (BG) → Stuttgart
0626	Dementia care
0627	Palliative care
0628	9 years
0629	Browse all profiles
0630	Search, filters and full profiles are available after signing in.
0631	From profile to contract in four steps
0632	Every step is documented and traceable for both sides.
0633	Step 01
0634	Create a profile
0635	Record qualifications, language level and preferences. Credentials are stored encrypted and only shared after explicit approval.
0636	Step 02
0637	Receive suggestions
0638	The matching weighs qualification, experience, region and availability. The weighting can be viewed at any time.
0639	Step 03
0640	Approve on both sides
0641	Contact details only become visible once both sides agree. No unsolicited contact, no sharing with third parties.
0642	Step 04
0643	Interview and contract
0644	Video interview with live translation, followed by digital contract signing and coordination of travel.
0645	Features
0646	All modules work together
0647	From the first suggestion to the first working day – without switching systems.
0648	Matching
0649	Weighs more than 40 criteria and explains every suggestion transparently. No automated rejection without human review (Art. 22 GDPR).
0650	Transparent
0651	Real-time translation in 24 EU languages directly in the video interview. Processing on EU servers, recording only with the consent of both sides.
0652	24 languages
0653	Digital contracts
0654	eIDAS signature, audit-proof storage and automatic deletion periods per document type.
0655	eIDAS
0656	Transport and arrival
0657	Travel, accommodation and appointments with authorities coordinated via the platform – with status tracking for everyone involved.
0658	Figures on durations, reasons for drop-outs and success rates. Export as CSV or PDF, aggregated and without personal reference.
0659	Security centre
0660	Two-factor sign-in, device overview, access log and a reporting channel for vulnerabilities – visible for every account.
0661	Data protection and security
0662	Applicant data deserves special protection.[[1]]That is how we treat it.
0663	In recruitment, health information, identity documents and salary data come together. That is why data protection at Standard Plus is not an add-on but part of the architecture: data is collected sparingly, pseudonymised early and deleted after fixed periods.
0664	Measures in detail
0665	EU hosting
0666	Processing and backups exclusively in EU data centres. No transfer to third countries.
0667	Encryption
0668	TLS 1.3 in transit, AES-256 at rest, separate key management.
0669	Access protection
0670	Mandatory 2FA for company accounts, role and permission concept, automatic lock after 15 minutes.
0671	Deletion concept
0672	Application data is deleted automatically no later than six months after completion.
0673	Transparency
0674	Every access to a profile is logged and can be viewed in the privacy centre.
0675	No trackers
0676	No advertising networks, no external fonts, no sharing with data brokers.
0677	Two options – you choose
0678	Either you pay [[1]]per successful placement[[2]] or you book a [[3]]subscription with unlimited placements[[4]]. Both without hidden costs. All prices plus statutory VAT.
0679	Model A · One-time payment
0680	If you hire occasionally
0681	per successful placement, due only after the contract is signed. No base fee, no minimum term.
0682	Model B · Subscription
0683	If you have ongoing needs
0684	€399 + €119/month
0685	one-time setup fee, then monthly – for [[1]]unlimited[[2]] placements.
0686	Rule of thumb: from about three placements a year, the subscription is cheaper – calculated with the Professional tier (€899) against €1,827 in the first subscription year.
0687	Model A
0688	One-time payment
0689	You pay [[1]]only on success[[2]] – due only once the employment contract is signed. No base fee, no minimum term, no cancellation needed.
0690	PRICE PER PLACEMENT
0691	Basic[[1]]Unskilled and semi-skilled workers
0692	Professional[[1]]Skilled workers with completed training
0693	Specialists[[1]]Engineering, medicine, IT
0694	Executive[[1]]Managers
0695	ALWAYS INCLUDED
0696	Search, pre-selection and verified credentials
0697	Video interview with live translation
0698	eIDAS digital contract
0699	Free replacement if someone leaves within the first three months
0700	One skilled worker (Professional)[[1]]one-time, nothing more to pay afterwards
0701	Request an individual placement
0702	Invoice after the contract is signed, payable within 14 days.
0703	Model B
0704	Subscription
0705	For ongoing needs: [[1]]unlimited placements[[2]] at a fixed price. You pay a one-time setup fee and then monthly.
0706	WHAT YOU PAY
0707	Setup fee[[1]]one-time, at the start of the contract
0708	Monthly fee[[1]]from the first month
0709	Minimum term[[1]]then cancellable monthly, one month's notice
0710	Cost after 6 months[[1]]€399 + 6 × €119
0711	Cost after 12 months[[1]]€399 + 12 × €119
0712	IN ADDITION TO MODEL A
0713	Unlimited placements at no extra cost
0714	A dedicated contact person instead of general support
0715	Priority handling of your requests
0716	Reports and export of your key figures
0717	Total in the first year[[1]]regardless of how many positions you fill
0718	Start subscription
0719	No automatic renewal for long periods – after six months it continues monthly.
0720	In short[[1]].[[2]]
0721	One-time payment if you hire occasionally. Subscription if you have ongoing needs – with continuous support and a replacement within 84 hours for longer absences.
0722	When does the subscription pay off?
0723	Sample calculation for skilled workers with training (Professional model, €899 per placement) compared with the subscription in the first year.
0724	Positions filled per year
0725	Cheaper
0726	1 position
0727	2 positions
0728	about the same
0729	3 positions
0730	5 positions
0731	In short:[[1]] For up to two hires a year, the one-time payment is better. From the third, the subscription pays off. For unskilled and semi-skilled workers (€399), the threshold moves to about five hires.
0732	If we place through partners, the commission is 20%. The [[1]]terms[[2]] apply. No fee is charged to jobseekers.
0733	Sectors
0734	Placement in all professional fields
0735	Logistics and transport
0736	Hospitality and hotels
0737	Administration and office
0738	Agriculture
0739	Industry and manufacturing
0740	Education and childcare
0741	Electrical engineering
0742	Retail
0743	Law and finance
0744	Research and laboratory
0745	Creative and design
0746	Regions
0747	All 27 EU countries
0748	Focus on the corridor of Germany, Austria and South-East Europe. Placements in Switzerland follow separate rules, as it is not covered by EU freedom of movement.
0749	Austria
0750	Romania
0751	Poland
0752	Czechia
0753	Hungary
0754	Bulgaria
0755	Croatia
0756	Slovakia
0757	Slovenia
0758	Italy
0759	France
0760	Spain
0761	Portugal
0762	Netherlands
0763	Belgium
0764	Luxembourg
0765	Denmark
0766	Sweden
0767	Finland
0768	Ireland
0769	Greece
0770	Malta
0771	Cyprus
0772	Estonia
0773	Latvia
0774	Lithuania
0775	Switzerland · special rules
0776	Ready for your next hire?
0777	Create an account, describe your needs, receive matching profiles – with no upfront costs.
0778	Check security
0779	Reliable.
0780	Competent.
0781	Sustainable.
0782	The European recruitment platform. Built to minimise data, operated entirely in the EU.
0783	Platform
0784	How it works
0785	Legal and security
0786	Cookie settings
0787	GDPR
0788	Sample profiles – Standard Plus
0789	Sample profiles
0790	This is what the profiles look like
0791	Here you can view both types of profile in full detail – without signing in and without approval. These are fictitious sample accounts; for real profiles, the graded visibility of course continues to apply.
0792	Worker profile
0793	Foreman and site manager from Romania – a fully completed applicant profile.
0794	WHAT THE PROFILE CONTAINS
0795	Name, age, nationality, origin and preferred country
0796	Occupation, sector, experience, salary expectation, availability
0797	Driving licence categories and willingness to relocate
0798	Language skills with levels A1 to C2
0799	Career history as a timeline
0800	References, diplomas and certificates with verification note
0801	Ratings from previous employers
0802	View full worker profile
0803	For comparison: restricted view
0804	Another example: [[1]]Maria Kovács, registered nurse
0805	Employer profile
0806	Construction company from Munich – a fully completed company profile.
0807	Company, legal form, sector, headquarters and year founded
0808	Size and all locations
0809	Contact person with position and contact details
0810	What employees are offered: accommodation, language course, travel costs
0811	Open positions with pay
0812	Commercial register extract and temporary employment licence
0813	Ratings from former employees
0814	View full employer profile
0815	Another example: [[1]]Musterklinikum Berlin
0816	Who sees how much?
0817	The same data, four levels. This is the core of the data protection concept: there is no way to contact details or documents except through mutual approval.
0818	Level
0819	Who
0820	Visible
0821	Hidden
0822	Public
0823	not signed in
0824	Occupation, sector, region, experience
0825	everything else
0826	Restricted
0827	signed in, no approval
0828	everything professional, languages, career, ratings
0829	Surname, contact details, names of former employers, document contents
0830	Full view
0831	mutual approval
0832	everything, documents downloadable
0833	nothing
0834	Blocked
0835	one side has blocked
0836	everything
0837	For sample accounts only:[[1]] The sample view only works for the fictitious demo profiles. If the parameter is added to a real account, the normal graded visibility still applies – otherwise the protection would be worthless.
0838	No connection – Standard Plus
0839	No connection right now
0840	This page was not yet stored in the app. As soon as the device is back online, it will load as usual.
0841	Pages you have already visited also open offline. Requests, bookings and the interpreter need a connection.
0842	Go to home page
0843	Go to dashboard
0844	View profile – Standard Plus
0845	Prototype:[[1]] All information shown here comes from the local database in this browser. Sample profiles are fictitious. In live operation, the server decides again on every request which fields you may see.
0846	Leave a rating
0847	Only accounts that have actually worked together can leave ratings. Your rating is published and linked to your account.
0848	Overall impression
0849	Stars
0850	What was it about?
0851	e.g. employment as foreman
0852	Period
0853	e.g. 2024 to 2025
0854	Your experience
0855	Factual and verifiable. No information on health, religion or origin.
0856	Inappropriate or unlawful ratings will be removed.
0857	Publish rating
0858	Add to my block list
0859	This profile will be hidden for you, and no more requests are possible in either direction. The block applies [[1]]only to your account[[2]] – other companies and applicants see nothing of it.
0860	We deliberately do not have a shared, cross-company blacklist. It would be unlawful.
0861	Reason (visible only to you, optional)
0862	Block
0863	My profile – Standard Plus
0864	Account created.[[1]] The more complete your profile, the better the suggestions. Credentials and career history make the biggest difference.
0865	Everything the other side learns about you is here. How much of it someone sees depends on the approval.
0866	Account
0867	· created [[1]]today
0868	Profile complete
0869	How others see my profile
0870	Person and qualifications
0871	Before approval, others only see the first letter.
0872	Year of birth
0873	We only store the year, not the exact date.
0874	Nationality
0875	e.g. Romanian
0876	Place of residence
0877	Occupation or training
0878	e.g. registered nurse
0879	Sector
0880	Please select
0881	Country of origin
0882	Preferred country
0883	Work experience in years
0884	German language skills
0885	Expected net monthly salary
0886	Available
0887	immediately
0888	in 2 weeks
0889	in 4 weeks
0890	in 3 months
0891	Driving licence categories
0892	Phone number
0893	Only shared after your approval.
0894	Professional skills
0895	Separate with commas, e.g. intensive care, emergency department
0896	About me
0897	What should a company know about you? Focus areas, achievements, wishes.
0898	I am willing to relocate.
0899	My profile may be shown to companies in pseudonymised form. Without the tick, nobody can find you.
0900	Save details
0901	Career history
0902	Where have you worked so far? This information is the most meaningful for companies.
0903	Add position
0904	Position
0905	Country
0906	From (year)
0907	To
0908	Year or today
0909	Duties
0910	Tasks, responsibility, team size, special projects
0911	Save position
0912	Company details
0913	Legal form
0914	e.g. Ltd
0915	Headquarters
0916	Founded
0917	Employees
0918	1 to 9
0919	10 to 49
0920	50 to 249
0921	250 to 999
0922	1000 and more
0923	Contact person
0924	e.g. head of HR
0925	About the company
0926	What do you do, who are you looking for, how do you work?
0927	What we offer employees
0928	One benefit per line, e.g.\nAccommodation for the first three months\nGerman course during working hours
0929	Especially for placements from abroad, this is often the deciding factor.
0930	Locations
0931	Separate with commas, e.g. Munich, Nuremberg
0932	My job postings
0933	Post a new job
0934	Job title
0935	e.g. registered nurse (m/f/d)
0936	Place of work
0937	Pay
0938	e.g. EUR 3,000 to 3,400
0939	Description
0940	Publish job
0941	Company data
0942	e.g. SRL, Ltd
0943	No activation without a valid licence.[[1]] Cross-border passenger transport requires a Community licence under Regulation (EC) No 1073/2009. Your details are checked before activation.
0944	Community licence
0945	Number and validity
0946	Insurance
0947	Insurer and cover
0948	Phone
0949	Vehicles
0950	e.g. 6 coaches, 49 to 57 seats
0951	What you offer – one line per item
0952	Luggage up to 2 suitcases included\nDriver speaks German and Romanian
0953	My vehicles
0954	Every vehicle with its registration number. After booking, travellers see which vehicle they will travel in – from seven-seater to coach.
0955	Add vehicle
0956	Registration number
0957	Vehicle type
0958	Coach
0959	Minibus
0960	Minibus, 9 seats
0961	Van, 7 seats
0962	Make and model
0963	e.g. Setra S 516 HD
0964	Seats
0965	Year of manufacture
0966	Equipment – separate with commas
0967	Wi-Fi, air conditioning, on-board toilet, power socket at seat
0968	Save vehicle
0969	My drivers
0970	Not public.[[1]] The name and phone number of your drivers are personal data. They are only shown to the passengers of the respective trip – not in the public directory (Art. 5(1)(c) GDPR). Obtain your drivers' consent beforehand.
0971	Add driver
0972	Name
0973	With the company since
0974	Languages – separate with commas
0975	Romanian, German, Hungarian
0976	Save driver
0977	My routes
0978	A route is a recurring trip: the same route, the same weekdays, the same departure time. Placed workers automatically receive suggestions for suitable travel days from it.
0979	Add a new route
0980	Timetable – one line per stop
0981	Timișoara 17:30\nArad 19:00\nBudapest 23:30\nWien 04:15\nMünchen 11:00\nStuttgart 14:30
0982	Place and time, in the order of the trip. If a time is earlier than the previous one, it counts as the next day. Every stop becomes bookable for boarding and alighting – including partial routes, each with the correct travel time.
0983	Result
0984	On which days does the route run?
0985	Mon
0986	Tue
0987	Wed
0988	Thu
0989	Fri
0990	Sat
0991	Sun
0992	Price per seat
0993	Seats on the bus
0994	Vehicle for this route
0995	Not yet decided – assigned per trip
0996	Travellers see this vehicle immediately after booking. You can still change it for individual trips later.
0997	Note for travellers
0998	e.g. stop in Stuttgart at the SBB bus station, bay 4
0999	Publish route
1000	Booked trips
1001	Language skills
1002	Levels according to the Common European Framework of Reference.
1003	Language
1004	e.g. German
1005	Level
1006	Native language
1007	Add language
1008	References, diplomas and certificates
1009	Upload your credentials. The content only becomes accessible after mutual approval – before that, companies only see [[1]]that[[2]] a document exists.
1010	e.g. nursing diploma
1011	Type of document
1012	Employment reference
1013	Diploma or degree
1014	Certificate
1015	Recognition decision
1016	Driving licence
1017	Health certificate
1018	Commercial register or trade licence
1019	Temporary employment licence
1020	Other document
1021	Choose file
1022	PDF, JPG or PNG · up to 500 KB are stored in the prototype
1023	File
1024	Add document
1025	Photos of previous work
1026	Photos of completed projects often say more than any description. Make sure not to show people without their consent or any trade secrets.
1027	Caption
1028	e.g. structural work, residential complex Cluj 2024
1029	Choose image
1030	Automatically reduced to 900 pixels
1031	Image
1032	Add image
1033	My ratings
1034	You receive ratings from accounts with which there was a mutual approval.
1035	Requests and approvals
1036	Contact details are only exchanged once [[1]]both sides[[2]] have agreed. Every decision is logged.
1037	My block list
1038	Accounts you have hidden are listed here. The block applies [[1]]only to you[[2]].
1039	We deliberately do not have a shared, cross-company blacklist. It would be unlawful under the GDPR and the German General Equal Treatment Act and could lead to claims for damages.
1040	Prototype note:[[1]] Accounts, profiles, credentials and images are stored exclusively in this browser. Nothing is transferred to a server. For live operation, files belong in object storage with virus scanning and signed links.
1041	Security measures at Standard Plus: encryption, access protection, logging, reporting channels for vulnerabilities.
1042	Security – Standard Plus
1043	How we protect your data
1044	This page describes the technical and organisational measures pursuant to Art. 32 GDPR – verifiable and without marketing promises.
1045	Honesty before badges:[[1]] We only list measures here that are actually in place. Information about certifications such as ISO 27001 or TISAX may only appear once a valid certificate exists – otherwise there is a risk of warnings under competition law.
1046	Protection at every level
1047	TLS 1.3 for every connection, HTTP is redirected to HTTPS
1048	HSTS with a long duration and subdomains
1049	AES-256 for database, file storage and backups
1050	Key management separate from the data
1051	Access and identity
1052	Two-factor authentication, mandatory for company accounts
1053	Password check according to BSI recommendation, stored as an Argon2id hash
1054	Lock after five failed attempts, graduated waiting times
1055	Automatic sign-out after 15 minutes of inactivity
1056	Permissions
1057	Role concept based on the principle of least privilege
1058	Contact details only visible after mutual approval
1059	Tenant separation at database level
1060	Access by staff only with a reason and a log
1061	Operation and location
1062	Data centres exclusively in the EU
1063	Daily backup, encrypted, 30 days retention
1064	Restore tested at least every six months
1065	Data processing agreements with all service providers
1066	Logging
1067	Every profile access is recorded with time and reason
1068	Logs can be viewed by data subjects in their account
1069	Tamper-proof storage, separate from the application system
1070	Automatic alert for unusual access patterns
1071	Application security
1072	Strict Content Security Policy without [[1]]unsafe-inline
1073	Output only as text, so there is no path for XSS
1074	CSRF token for every modifying request
1075	Dependencies are automatically checked for vulnerabilities
1076	In detail
1077	Why this site does not load third-party content
1078	Every embedded third-party resource is a potential attack path and at the same time transmits the visitor's IP address to third parties. That is why fonts, icons and scripts are hosted on our own server.
1079	The rule is not just claimed but enforced by the browser: the following policy prohibits loading external sources and blocks scripts injected into page content.
1080	Content-Security-Policy:[[1]][[2]] default-src 'self';[[3]] script-src 'self';[[4]] style-src 'self';[[5]] img-src 'self' data:;[[6]] connect-src 'self';[[7]] form-action 'self';[[8]] [[9]] base-uri 'none';[[10]] object-src 'none';
1081	Also set as HTTP headers: Strict-Transport-Security, X-Content-Type-Options, Referrer-Policy, Permissions-Policy and Cross-Origin-Opener-Policy. The finished server configuration is included with the application.
1082	Handling security incidents
1083	Detect:[[1]] automatic monitoring, external reports, regular review of logs.
1084	Contain:[[1]] block affected access, end sessions, rotate keys.
1085	Report:[[1]] if there is a risk to data subjects, notification of the supervisory authority within 72 hours (Art. 33 GDPR); if the risk is high, data subjects are also notified (Art. 34 GDPR).
1086	Follow up:[[1]] root cause analysis, measures, written report in the record of processing activities.
1087	Found a vulnerability?
1088	We welcome reports and will not take legal action as long as you act responsibly:
1089	do not view, change or publish other people's data
1090	no attacks on availability, no mass testing
1091	90 days to fix the issue before publication
1092	Contact:[[1]] [security@ihre-domain.de][[2]] [[3]]PGP fingerprint:[[4]] [enter here][[5]] [[6]]Machine-readable:[[7]] [[8]]/.well-known/security.txt
1093	First response within two working days.
1094	Before going live
1095	What still needs to be implemented on the server
1096	This application is a prototype without a backend. The following points cannot be implemented in the browser and must be handled on the server.
1097	Technical
1098	Serve security headers via the web server (the file [[1]]assets/security-headers.conf[[2]] is included)
1099	Session cookies with [[1]]HttpOnly[[2]], [[3]]Secure[[4]] and [[5]]SameSite=Strict
1100	Rate limiting per account and IP address, real TOTP verification
1101	Server-side validation of all inputs and file uploads
1102	Virus scanning of uploaded references, storage outside the web directory
1103	Organisational
1104	Create a record of processing activities (Art. 30 GDPR)
1105	Data protection impact assessment for applicant matching
1106	Data processing agreements with hosting and translation service
1107	Check the licence under the German Temporary Employment Act, if applicable
1108	Staff training, confidentiality undertaking
1109	Questions about data protection?
1110	Your data, your control – viewable and exportable in the privacy centre.
1111	Read the privacy policy
1112	Describe in your own words who or what you are looking for - Standard Plus suggests matching profiles and explains every suggestion.
1113	Search – Standard Plus
1114	Simply describe what you are looking for
1115	No form, no filters. Write in your own words – you get matching suggestions straight away, each with a reason.
1116	For example: I'm looking for a foreman for Munich, at least 5 years of experience, good German, available immediately if possible.
1117	Search direction
1118	I'm looking for workers
1119	I'm looking for a company
1120	Show suggestions
1121	How it works:[[1]] Your text is searched for known terms – occupations, sectors, places, language levels, deadlines and numbers. This produces the criteria shown above. It is [[2]]not a language model[[3]] but a fixed rule-based evaluation. That is why every suggestion can be explained – and why the final decision always remains with you (Art. 22 GDPR).
1122	Vetted skilled workers from the EU - pseudonymised profile overview with filters by sector, country and language level.
1123	Talent – Standard Plus
1124	Vetted skilled workers from the EU
1125	All information is checked before activation. The pseudonymised view is shown – full profiles after mutual approval.
1126	→ Prefer to describe freely who you are looking for? Go to free-text search with reasons.
1127	Search term
1128	Occupation, qualification
1129	All sectors
1130	All countries
1131	German level
1132	All levels
1133	A2 or higher
1134	B1 or higher
1135	B2 or higher
1136	8 profiles
1137	Reset filters
1138	Show results
1139	Data-minimising view:[[1]] Only occupation, qualification level, language level and region are visible. Surname, date of birth, contact details, photo and references are only transmitted after mutual approval, and this is logged.
1140	No profiles match this selection. Please adjust the filters.
1141	Unlock full profiles
1142	Free registration. Approval is always mutual.
1143	Bus connections – Standard Plus
1144	Bus connections to Germany
1145	Verified transport companies with fixed routes. Search for your route – partial routes can also be booked if both places are on the trip.
1146	From
1147	e.g. Timișoara
1148	To
1149	e.g. Stuttgart
1150	Weekday
1151	All days
1152	Friday
1153	Saturday
1154	Sunday
1155	0 routes
1156	No listed route runs on this connection. Please check the spelling or choose a larger town nearby.
1157	What is checked:[[1]] Community licence under Regulation (EC) No 1073/2009, proof of insurance and commercial register entry. No company is activated without these three documents. For journeys of 250 km or more, passenger rights under Regulation (EU) No 181/2011 apply.
1158	Prototype:[[1]] The companies and routes shown here are fictitious. Prices, departure times and seats are for illustration only.
1159	Verified companies at Standard Plus - with ratings, benefits and open positions.
1160	Companies – Standard Plus
1161	Who is hiring at Standard Plus?
1162	Before you approve a request, you can check the company: size, locations, benefits for employees, credentials on file and ratings from former employees.
1163	→ Prefer to describe freely what you are looking for? Go to free-text search with reasons.
1164	Company, place
1165	Minimum rating
1166	All
1167	3 stars or more
1168	4 stars or more
1169	4.5 stars or more
1170	0 companies
1171	No companies match this selection.
1172	EU hosting[[1]]Processing and backups exclusively in EU data centres. No transfers to third countries.
1173	Encryption[[1]]TLS 1.3 in transit, AES-256 at rest, separate key management.
1174	Access protection[[1]]Mandatory 2FA for company accounts, role and permission concept, automatic lock after 15 minutes.
1175	Deletion policy[[1]]Application data is automatically deleted no later than six months after completion.
1176	Transparency[[1]]Every access to a profile is logged and can be viewed in the Privacy Centre.
1177	No trackers[[1]]No advertising networks, no external fonts, no sharing with data brokers.
1178	Standard Plus pricing: one-off payment per successful placement or a subscription with all-round support. All prices plus VAT.
1179	Pricing – Standard Plus
1180	Either you pay [[1]]per successful placement[[2]] or you book the [[3]]subscription with all-round support[[4]]. Both without hidden costs. All prices plus statutory VAT.
1181	If you only need the placement
1182	If you want all-round support
1183	one-off start-up fee, then monthly – [[1]]unlimited[[2]] placements and support from the search until after the first day at work.
1184	Rule of thumb: if you handle induction, travel and paperwork yourself, the one-off payment suits you well. If you want everything from a single source, choose the subscription.
1185	For customers who want [[1]]all-round support[[2]]: we take care not only of finding suitable workers but also of everything that comes afterwards. You pay a one-off start-up fee and then monthly.
1186	ALL-ROUND SUPPORT – IN ADDITION TO MODEL A
1187	A dedicated contact person for all questions – even after the first day at work
1188	Support with documents, professional recognition and dealing with authorities
1189	Travel is organised – via verified coach companies
1190	Live interpreter for conversations with your new employees
1191	Replacement within 84 hours in case of longer absences
1192	One-off payment if you only need the placement. Subscription if you want all-round support – with a dedicated contact person, support until after the first day at work and replacement within 84 hours in case of longer absences.
1193	Who is the subscription for?
1194	The subscription is not only worthwhile from a certain number of hires – it is for all customers who want [[1]]all-round support[[2]]: not just suitable workers, but someone who also takes care of everything afterwards.
1195	THE SUBSCRIPTION SUITS YOU IF YOU …
1196	do not want to deal with documents, recognition and authorities yourself
1197	want the journey of your new employees to be organised for you
1198	want a dedicated contact person instead of changing contacts
1199	need a replacement quickly when someone is absent
1200	are hiring workers from abroad for the first time
1201	THE ONE-OFF PAYMENT SUITS YOU IF YOU …
1202	only fill a position occasionally
1203	handle induction, travel and paperwork yourself
1204	already have experience with workers from abroad
1205	Service
1206	included
1207	Dedicated contact person
1208	not included
1209	Support with professional recognition and authorities
1210	Organisation of the journey
1211	Support after the first day at work
1212	Unlimited placements
1213	Bus connections
