0001	AGB – Standard Plus
0002	Zum Inhalt springen
0003	Standard
0004	Plus
0005	Personalvermittlung
0006	Hauptnavigation
0007	Arbeitnehmer
0008	Unternehmen
0009	Ablauf
0010	Preise
0011	Anmelden
0012	Dashboard
0013	Mein Profil
0014	Abmelden
0015	Menü öffnen
0016	Allgemeine Geschäftsbedingungen
0017	Fassung vom 1. September 2026
0018	Entwurf:[[1]] Dieser Text ist ein Gerüst und ersetzt keine Rechtsberatung. Vor dem Einsatz anwaltlich prüfen lassen – insbesondere Vergütungsregeln gegenüber Arbeitsuchenden (§§ 296 ff. SGB III), Haftung und Klauselverbote nach §§ 305 ff. BGB.
0019	§ 1 Geltungsbereich
0020	(1) Diese Bedingungen gelten für die Nutzung der Plattform Standard Plus durch Unternehmen, Personaldienstleister und Arbeitsuchende.
0021	(2) Abweichende Bedingungen der Nutzenden werden nicht Vertragsbestandteil, es sei denn, wir stimmen ihrer Geltung ausdrücklich schriftlich zu.
0022	§ 2 Leistungen
0023	(1) Standard Plus stellt eine Plattform bereit, über die Unternehmen und Arbeitsuchende zusammenfinden. Wir schulden die Bereitstellung der Plattform, nicht den Erfolg einer Vermittlung.
0024	(2) Zum Leistungsumfang gehören je nach gewähltem Modell die Profilsuche, der fachliche Abgleich, Videointerviews mit Übersetzung, die Vertragsabwicklung sowie die Koordination der Anreise.
0025	(3) Der fachliche Abgleich ist eine Entscheidungshilfe. Die Auswahlentscheidung trifft stets das Unternehmen.
0026	§ 3 Registrierung und Konto
0027	(1) Die Nutzung setzt ein Konto voraus. Angaben sind wahrheitsgemäß zu machen und aktuell zu halten.
0028	(2) Zugangsdaten sind geheim zu halten. Für Firmenkonten ist die Zwei-Faktor-Authentifizierung verpflichtend. Ein Verdacht auf Missbrauch ist unverzüglich an [security@ihre-domain.de] zu melden.
0029	(3) Wir können Konten sperren, wenn ein begründeter Verdacht auf missbräuchliche Nutzung, Falschangaben oder Rechtsverstöße besteht.
0030	§ 4 Pflichten der Nutzenden
0031	(1) Es dürfen nur Daten eingestellt werden, zu deren Verarbeitung eine Berechtigung besteht. Profile Dritter ohne deren Kenntnis anzulegen ist untersagt.
0032	(2) Kontaktdaten, die über die Plattform freigegeben werden, dürfen ausschließlich zum Zweck der konkreten Besetzung verwendet werden. Weitergabe an Dritte, Werbung und Aufbau eigener Datenbestände sind untersagt.
0033	(3) Stellenanzeigen müssen diskriminierungsfrei im Sinne des Allgemeinen Gleichbehandlungsgesetzes formuliert sein.
0034	(4) Automatisiertes Auslesen der Plattform ist untersagt.
0035	§ 5 Vergütung
0036	(1) Es gelten die auf der Preisseite ausgewiesenen Beträge. Alle Preise verstehen sich zuzüglich der gesetzlichen Umsatzsteuer.
0037	(2) Die Vergütung bei Einzelvermittlung wird mit Abschluss des Arbeitsvertrags zwischen Unternehmen und vermittelter Person fällig.
0038	(3) Von Arbeitsuchenden wird für die Vermittlung keine Vergütung erhoben.
0039	(4) Rechnungen sind innerhalb von 14 Tagen ohne Abzug zahlbar.
0040	§ 6 Laufzeit und Kündigung
0041	(1) Abonnements haben eine Mindestlaufzeit von sechs Monaten und verlängern sich danach auf unbestimmte Zeit.
0042	(2) Nach Ablauf der Mindestlaufzeit ist die Kündigung jederzeit mit einer Frist von einem Monat möglich. Die Kündigung ist im Konto und in Textform möglich.
0043	(3) Das Recht zur Kündigung aus wichtigem Grund bleibt unberührt.
0044	§ 7 Ersatzgestellung
0045	Scheidet eine vermittelte Person innerhalb der ersten drei Monate aus Gründen aus, die nicht vom Unternehmen zu vertreten sind, erfolgt eine erneute Vermittlung ohne zusätzliche Vergütung. Voraussetzung ist die Meldung innerhalb von 14 Tagen nach Ausscheiden.
0046	§ 8 Datenschutz
0047	Die Verarbeitung personenbezogener Daten richtet sich nach der [[1]]Datenschutzerklärung[[2]]. Nutzende, die über die Plattform Daten Dritter verarbeiten, sind dafür eigenständig verantwortlich und stellen uns von Ansprüchen Dritter frei, die aus einer Verletzung dieser Pflicht entstehen.
0048	§ 9 Verfügbarkeit
0049	Wir streben eine Verfügbarkeit von 99 Prozent im Jahresmittel an. Ausgenommen sind angekündigte Wartungsfenster sowie Ausfälle, die wir nicht zu vertreten haben.
0050	§ 10 Haftung
0051	(1) Wir haften unbeschränkt bei Vorsatz und grober Fahrlässigkeit sowie bei Verletzung von Leben, Körper und Gesundheit.
0052	(2) Bei einfacher Fahrlässigkeit haften wir nur bei Verletzung einer wesentlichen Vertragspflicht und begrenzt auf den vertragstypischen, vorhersehbaren Schaden.
0053	(3) Für die Richtigkeit der von Nutzenden eingestellten Angaben und für das Zustandekommen eines Arbeitsverhältnisses haften wir nicht.
0054	§ 11 Widerrufsrecht für Verbraucher
0055	Verbraucherinnen und Verbrauchern steht ein Widerrufsrecht von 14 Tagen zu. Einzelheiten und das Muster-Widerrufsformular sind der Widerrufsbelehrung zu entnehmen. Gegenüber Unternehmen besteht kein Widerrufsrecht.
0056	§ 12 Änderungen dieser Bedingungen
0057	Änderungen kündigen wir mindestens sechs Wochen vor Inkrafttreten in Textform an. Widersprechen Sie nicht innerhalb dieser Frist, gelten die Änderungen als angenommen. Auf die Bedeutung des Schweigens weisen wir in der Ankündigung gesondert hin.
0058	§ 13 Schlussbestimmungen
0059	(1) Es gilt das Recht der Bundesrepublik Deutschland unter Ausschluss des UN-Kaufrechts. Gegenüber Verbrauchern gilt dies nur, soweit dadurch zwingende Schutzvorschriften des Aufenthaltsstaats nicht eingeschränkt werden.
0060	(2) Gerichtsstand für Kaufleute ist [Ort].
0061	(3) Sollte eine Bestimmung unwirksam sein, bleibt die Wirksamkeit der übrigen Bestimmungen unberührt.
0062	© 2026 Standard Plus. Alle Rechte vorbehalten.
0063	Startseite
0064	Datenschutz
0065	Impressum
0066	Cookies
0067	Dashboard – Standard Plus
0068	Hauptmenü
0069	Arbeitsbereich
0070	Talente suchen
0071	Freitextsuche
0072	Prozesse
0076	Interviews
0077	Dolmetscher
0078	Anreise
0079	Werkzeuge
0082	Auswertungen
0083	Datenschutz-Center
0084	Sicherheit
0086	Musterfirma GmbH[[1]] [[2]]Angemeldet
0087	Menü ein- oder ausblenden
0088	Guten Tag, [[1]]willkommen
0089	Übersicht Ihrer laufenden Vermittlungen
0090	Suche
0091	Profile, Stellen, Verträge
0092	Datenschutz-Einstellungen
0093	Benachrichtigungen
0094	Profile in der Datenbank
0095	Beidseitige Freigaben
0096	Offene Anfragen
0097	Eigene offene Stellen
0098	Ihre Anreise
0099	Alle Linien ansehen
0100	Passende Profile
0101	Alle ansehen
0102	Vollständige Namen und Kontaktdaten werden erst nach beidseitiger Freigabe angezeigt. Ihre Auswahl wird protokolliert und ist im Datenschutz-Center einsehbar.
0103	Aktivitäten
0104	Datenschutz- und Sicherheitsstatus
0105	Zum Datenschutz-Center
0106	Zwei-Faktor aktiv
0107	Wird geladen
0108	Löschfristen laufen
0109	Abgelehnte Anfragen nach 30 Tagen, Bewerbungsdaten sechs Monate nach Abschluss.
0110	Zugriffe protokolliert
0111	Anfragen
0112	Besetzungs-Pipeline
0113	Verwalten
0114	Neu
0115	Maria K.[[1]][[2]]Pflegekraft · Ungarn
0116	Ziel
0117	heute
0118	Stefan I.[[1]][[2]]Elektriker · Rumänien
0119	Prüfung
0120	Jana N.[[1]][[2]]Buchhaltung · Tschechien
0121	Montag
0122	Luca E.[[1]][[2]]Elektro · Italien
0123	Dienstag
0124	Interview
0125	Andreea M.[[1]][[2]]Küche · Rumänien
0126	morgen
0127	Piotr W.[[1]][[2]]Entwicklung · Polen
0128	Remote
0129	Mittwoch
0130	Angebot
0131	Ion T.[[1]][[2]]Bauleitung · Rumänien
0132	Donnerstag
0133	Vermittlungen nach Branche
0135	Pflege und Gesundheit
0136	Bau und Handwerk
0137	IT und Technologie
0138	Logistik
0139	Gastronomie
0140	Schnellaktionen
0141	Stelle ausschreiben[[1]][[2]]Neue Vakanz anlegen
0142	Profile suchen[[1]][[2]]Filter und Vorschläge
0143	Interview starten[[1]][[2]]Mit Live-Übersetzung
0145	Anreise buchen[[1]][[2]]Transport koordinieren
0146	Daten exportieren[[1]][[2]]Auskunft nach Art. 15
0147	· [[1]]Sicherheit[[2]] · [[3]]Impressum[[4]] · [[5]]AGB[[6]] · [[7]]Cookie-Einstellungen
0148	Datenschutz-Center – Standard Plus
0149	Hier sehen Sie, welche Daten zu Ihrem Konto vorliegen, wer darauf zugegriffen hat, und hier üben Sie Ihre Rechte aus – ohne Umweg über den Support.
0150	Angemeldetes Konto
0151	Sperre nach 15 Min.
0152	Einwilligungen
0153	Ihre aktuelle Auswahl. Änderungen wirken sofort und werden mit Zeitstempel protokolliert (Art. 7 Abs. 1 DSGVO).
0154	Einstellungen ändern
0155	Alle Einwilligungen widerrufen
0156	Ihre Rechte ausüben
0157	Auskunft nach Art. 15 DSGVO
0158	Übersicht aller zu Ihnen gespeicherten Daten, Zwecke, Empfänger und Speicherfristen. Bearbeitung innerhalb eines Monats.
0159	Anfordern
0160	Datenübertragbarkeit nach Art. 20 DSGVO
0161	Export im maschinenlesbaren JSON-Format zur Weitergabe an einen anderen Anbieter. Erzeugung erfolgt direkt in Ihrem Browser.
0162	Export erstellen
0163	Berichtigung nach Art. 16 DSGVO
0164	Unrichtige Angaben in Profil, Qualifikationen oder Kontaktdaten korrigieren lassen.
0165	Korrektur melden
0166	Löschung nach Art. 17 DSGVO
0167	Konto und Profildaten dauerhaft entfernen. Rechnungsdaten bleiben aufgrund gesetzlicher Aufbewahrungspflichten bis zu zehn Jahre gespeichert und werden dabei gesperrt.
0168	Konto löschen
0169	Wer hat auf Ihr Profil zugegriffen?
0170	Jeder Zugriff auf personenbezogene Daten wird erfasst. Unternehmen sehen nur Profile, für die eine Freigabe oder eine offene Anfrage vorliegt.
0171	Zeitpunkt
0172	Zugreifende Stelle
0173	Anlass
0174	Umfang
0175	heute, 09:41
0176	Musterklinikum Berlin
0177	offene Stelle Intensivpflege
0178	pseudonymisiert
0179	gestern, 16:02
0180	Musterbau AG
0181	Interviewvorbereitung
0182	nach Freigabe
0183	gestern, 11:18
0184	Standard Plus Support
0185	Ticket 4821, auf Ihre Anfrage
0186	Stammdaten
0187	vor 3 Tagen, 08:55
0188	TechCorp GmbH
0189	Suchtreffer
0190	Angemeldete Geräte
0191	Gerät
0192	Ort
0193	Letzte Aktivität
0194	Dieses Gerät
0195	Deutschland
0196	jetzt
0197	aktiv
0198	Büro-Rechner
0199	vor 2 Tagen
0200	Erkennen Sie ein Gerät nicht wieder? Melden Sie es ab, ändern Sie Ihr Passwort und informieren Sie [security@ihre-domain.de].
0201	Protokoll dieser Sitzung
0202	Alle Aktionen, die in dieser Sitzung ausgeführt wurden. Die Aufzeichnung bleibt ausschließlich in Ihrem Browser und wird beim Schließen gelöscht.
0203	Noch keine Einträge.
0204	Aktualisieren
0205	Protokoll herunterladen
0206	Bei Fragen erreichen Sie unsere datenschutzbeauftragte Person unter [datenschutz@ihre-domain.de]. Ihr Beschwerderecht bei der Aufsichtsbehörde bleibt davon unberührt.
0207	Konto wirklich löschen?
0208	Ihr Profil, Ihre Nachrichten und alle Freigaben werden unwiderruflich entfernt. Laufende Vermittlungen werden abgebrochen. Rechnungsdaten bleiben gesperrt bis zum Ablauf der gesetzlichen Aufbewahrungsfrist gespeichert.
0209	Zur Bestätigung [[1]]LOESCHEN[[2]] eingeben
0210	Endgültig löschen
0211	Abbrechen
0212	Datenschutzerklaerung von Standard Plus nach Art. 13 und 14 DSGVO.
0213	Datenschutzerklärung – Standard Plus
0214	Datenschutzerklärung
0215	Fassung vom 1. September 2026 · Version 3.0
0216	Hinweis für den Betrieb:[[1]] Alle in eckigen Klammern gesetzten Angaben sind Platzhalter und müssen vor der Veröffentlichung durch die tatsächlichen Unternehmensdaten ersetzt und anwaltlich geprüft werden. Aussagen zu Zertifizierungen dürfen nur stehen bleiben, wenn sie tatsächlich vorliegen.
0217	Der Schutz Ihrer personenbezogenen Daten ist für uns von zentraler Bedeutung. In der Personalvermittlung verarbeiten wir Angaben, die tief in die Lebenssituation von Menschen reichen. Diese Erklärung beschreibt, welche Daten wir zu welchem Zweck verarbeiten, auf welcher Rechtsgrundlage das geschieht und welche Rechte Ihnen zustehen.
0218	Inhalt
0219	Verantwortlicher
0220	Datenschutzbeauftragte Person
0221	Kategorien verarbeiteter Daten
0222	Zwecke und Rechtsgrundlagen
0223	Empfänger
0224	Drittlandübermittlung
0225	Speicherdauer und Löschung
0226	Automatisierte Entscheidungen
0227	Cookies und lokale Speicherung
0228	Server-Protokolle
0229	Ihre Rechte
0230	Sicherheit der Verarbeitung
0231	Änderungen
0232	1. Verantwortlicher
0233	Verantwortlich im Sinne von Art. 4 Nr. 7 DSGVO ist:
0234	[Firmenname][[1]][Straße und Hausnummer][[2]][Postleitzahl und Ort][[3]] Telefon: [Telefonnummer][[4]]E-Mail: [datenschutz@ihre-domain.de]
0235	2. Datenschutzbeauftragte Person
0236	Sie erreichen unsere datenschutzbeauftragte Person unter [datenschutz@ihre-domain.de] oder postalisch unter der oben genannten Anschrift mit dem Zusatz „Datenschutzbeauftragte Person“.
0237	Hinweis: Die Benennung ist unter anderem verpflichtend, wenn die Kerntaetigkeit in umfangreicher Verarbeitung besonderer Datenkategorien besteht (Art. 37 DSGVO, § 38 BDSG).
0238	3. Kategorien verarbeiteter Daten
0239	3.1 Bei Bewerberinnen und Bewerbern
0240	Stammdaten: Name, Anschrift, Geburtsdatum, Staatsangehörigkeit
0241	Kontaktdaten: E-Mail-Adresse, Telefonnummer
0242	Qualifikationsdaten: Abschlüsse, Zeugnisse, Anerkennungsbescheide, Sprachniveau, Berufserfahrung, Führerscheine und Zertifikate
0243	Verfügbarkeit, Wunschregion und Gehaltsvorstellung
0244	Kommunikationsdaten aus Nachrichten und Interviewterminen
0245	Aufenthalts- und arbeitserlaubnisbezogene Angaben, soweit gesetzlich erforderlich
0246	3.2 Bei Unternehmen und Vermittlern
0247	Firmendaten, Handelsregisternummer, Umsatzsteuer-Identifikationsnummer
0248	Kontaktdaten der ansprechberechtigten Personen
0249	Vertrags- und Abrechnungsdaten
0250	3.3 Besondere Kategorien
0251	Gesundheitsbezogene Angaben verarbeiten wir ausschließlich, wenn sie für die Ausübung der Tätigkeit rechtlich erforderlich sind, etwa arbeitsmedizinische Eignungsnachweise. Grundlage ist Art. 9 Abs. 2 lit. b DSGVO in Verbindung mit § 26 Abs. 3 BDSG oder Ihre ausdrückliche Einwilligung. Angaben zu Religion, Gewerkschaftszugehörigkeit, ethnischer Herkunft oder sexueller Orientierung erheben wir nicht und bitten darum, sie nicht in Freitextfelder einzutragen.
0252	4. Zwecke und Rechtsgrundlagen
0253	Zweck
0254	Rechtsgrundlage
0255	Anmerkung
0256	Bereitstellung des Nutzerkontos
0257	Art. 6 Abs. 1 lit. b DSGVO
0258	Vertragserfüllung
0259	Vermittlung und Abgleich von Profilen
0260	Kerndienst der Plattform
0261	Weitergabe von Kontaktdaten an ein Unternehmen
0262	Art. 6 Abs. 1 lit. a DSGVO
0263	nur nach beidseitiger Freigabe
0264	Live-Übersetzung im Interview
0265	Einwilligung vor Gesprächsbeginn
0266	Aufzeichnung eines Interviews
0267	nur bei Zustimmung aller Beteiligten
0268	Schutz vor Missbrauch und Angriffen
0269	Art. 6 Abs. 1 lit. f DSGVO
0270	berechtigtes Interesse an sicherem Betrieb
0271	Rechnungsstellung und Buchhaltung
0272	Art. 6 Abs. 1 lit. c DSGVO
0273	handels- und steuerrechtliche Pflichten
0274	Produktinformationen per E-Mail
0275	freiwillig, jederzeit widerrufbar
0276	5. Empfänger
0277	Eine Übermittlung erfolgt nur, soweit sie erforderlich ist:
0278	an Unternehmen, die ein Profil angefragt haben – erst nach Ihrer ausdrücklichen Freigabe
0279	an Auftragsverarbeiter mit Vertrag nach Art. 28 DSGVO, insbesondere Hosting, E-Mail-Versand und Übersetzungsdienst – alle mit Standort in der EU
0280	an Behörden, soweit eine gesetzliche Verpflichtung besteht
0281	Eine Weitergabe an Werbenetzwerke, Datenhändler oder soziale Netzwerke findet nicht statt.
0282	6. Drittlandübermittlung
0283	Verarbeitung und Sicherungskopien erfolgen ausschließlich in Rechenzentren innerhalb der Europäischen Union. Eine Übermittlung in Drittländer findet nicht statt. Sollte sich das künftig ändern, informieren wir vorab und stützen die Übermittlung auf einen Angemessenheitsbeschluss oder Standardvertragsklauseln einschließlich einer Prüfung des Schutzniveaus im Zielland.
0284	7. Speicherdauer und Löschung
0285	Daten
0286	Frist
0287	Grundlage
0288	Bewerbungsunterlagen ohne Vermittlung
0289	6 Monate nach Abschluss des Verfahrens
0290	Nachweisfrist nach § 15 AGG zuzüglich Puffer
0291	Profil bei aktivem Konto
0292	bis zur Löschung durch Sie
0293	Vertragsverhältnis
0294	Ruhendes Konto ohne Anmeldung
0295	Erinnerung nach 18 Monaten, Löschung nach 24 Monaten
0296	Grundsatz der Speicherbegrenzung
0297	Interviewaufzeichnung
0298	30 Tage
0299	Einwilligung, danach automatische Löschung
0300	Gesprächsprotokoll
0301	90 Tage
0302	Einwilligung
0303	Zugriffs- und Sicherheitsprotokolle
0304	14 Tage, bei Sicherheitsvorfall länger
0305	berechtigtes Interesse
0306	Rechnungen und Buchungsbelege
0307	10 Jahre
0308	Einwilligungsnachweise
0309	3 Jahre nach Widerruf
0310	Rechenschaftspflicht Art. 5 Abs. 2 DSGVO
0311	8. Automatisierte Entscheidungen und Profilbildung
0312	Unser System berechnet einen Wert für die fachliche Übereinstimmung zwischen Profil und Stelle. Dieser Wert ist eine Vorsortierung und dient als Entscheidungshilfe. Eine Absage oder Zusage allein aufgrund einer automatisierten Verarbeitung findet nicht statt; jede Entscheidung wird von einem Menschen getroffen und verantwortet.
0313	Sie haben das Recht, die Kriterien der Berechnung zu erfahren, Ihren Standpunkt darzulegen und eine Überprüfung durch eine Person zu verlangen (Art. 22 Abs. 3 DSGVO). Die verwendeten Kriterien sind in Ihrem Konto einsehbar.
0314	9. Cookies und lokale Speicherung
0315	Wir setzen nur, was technisch notwendig ist oder wozu Sie eingewilligt haben. Sie ändern Ihre Auswahl jederzeit über [[1]]Cookie-Einstellungen[[2]].
0316	Bezeichnung
0317	Dauer
0318	Kategorie
0319	sp.session
0320	Anmeldestatus während der Sitzung
0321	bis Schließen des Browsers
0322	notwendig
0323	sp.consent.v1
0324	speichert Ihre Datenschutzauswahl
0325	12 Monate
0326	csrf_token
0327	Schutz vor Anfragefälschung
0328	Sitzung
0329	sp.f.*
0330	Filter- und Ansichtseinstellungen
0331	6 Monate
0332	funktional
0333	Es werden keine Dienste Dritter geladen. Diese Website bindet keine externen Schriftarten, Karten, Videoplattformen oder Analyseskripte ein. Dadurch entsteht beim Aufruf keine Verbindung zu Servern außerhalb unserer Infrastruktur.
0334	10. Server-Protokolle
0335	Beim Aufruf werden technisch notwendige Daten protokolliert: gekürzte IP-Adresse, Zeitpunkt, aufgerufene Ressource, Übertragungsmenge, Statuscode und Browsertyp. Die Speicherung dient der Betriebssicherheit und der Abwehr von Angriffen (Art. 6 Abs. 1 lit. f DSGVO). Die Löschung erfolgt nach 14 Tagen, sofern kein Sicherheitsvorfall eine längere Aufbewahrung erfordert.
0336	11. Ihre Rechte
0337	Auskunft[[1]] über die zu Ihnen gespeicherten Daten (Art. 15)
0338	Berichtigung[[1]] unrichtiger Daten (Art. 16)
0339	Löschung[[1]], soweit keine Aufbewahrungspflicht entgegensteht (Art. 17)
0340	Einschränkung[[1]] der Verarbeitung (Art. 18)
0341	Datenübertragbarkeit[[1]] in einem strukturierten Format (Art. 20)
0342	Widerspruch[[1]] gegen Verarbeitungen auf Grundlage berechtigter Interessen (Art. 21)
0343	Widerruf[[1]] erteilter Einwilligungen mit Wirkung für die Zukunft (Art. 7 Abs. 3)
0344	Diese Rechte können Sie direkt im [[1]]Datenschutz-Center[[2]] ausüben oder formlos an [datenschutz@ihre-domain.de] richten. Wir antworten innerhalb eines Monats.
0345	Unabhängig davon steht Ihnen ein Beschwerderecht bei einer Aufsichtsbehörde zu, insbesondere am Ort Ihres Aufenthalts oder unseres Sitzes: [zuständige Landesdatenschutzbehörde eintragen].
0346	12. Sicherheit der Verarbeitung
0347	Wir treffen technische und organisatorische Maßnahmen nach Art. 32 DSGVO. Der aktuelle Stand ist auf der Seite [[1]]Sicherheit[[2]] im Einzelnen beschrieben, unter anderem Transportverschlüsselung, verschlüsselte Ablage, Zwei-Faktor-Authentifizierung, Rollen- und Rechtekonzept, Protokollierung sowie regelmäßige Prüfungen.
0348	13. Änderungen dieser Erklärung
0349	Wir passen diese Erklärung an, wenn sich die Verarbeitung ändert. Wesentliche Änderungen kündigen wir mindestens 30 Tage vorher im Konto an. Frühere Fassungen stellen wir auf Anfrage zur Verfügung.
0350	Sie möchten Ihre Daten einsehen, exportieren oder löschen? Das geht direkt im [[1]]Datenschutz-Center[[2]].
0351	Dolmetscher – Standard Plus
0352	Jeder spricht seine Sprache
0353	Sie sprechen Deutsch, Ihr Gegenüber hört Rumänisch – und umgekehrt. Zwei Geräte, ein Kennwort. Mikrofon und Lautsprecher genügen, Kopfhörer sind nicht nötig.
0354	1 · IHRE SPRACHE
0355	Was sprechen Sie?
0356	Deutsch
0357	Rumänisch · Română
0358	Polnisch · Polski
0359	Bulgarisch · Български
0360	Ungarisch · Magyar
0361	Kroatisch · Hrvatski
0362	Slowakisch · Slovenčina
0363	Tschechisch · Čeština
0364	Italienisch · Italiano
0365	Spanisch · Español
0366	Portugiesisch · Português
0367	Türkisch · Türkçe
0368	Ukrainisch · Українська
0369	Englisch · English
0370	Die Zielsprache stellt niemand ein – sie ergibt sich aus dem, was die Gegenseite gewählt hat.
0371	2 · KENNWORT
0372	Beide Seiten geben dasselbe ein
0373	Neues Kennwort erzeugen
0374	Lesen Sie es der Gegenseite am Telefon vor oder schicken Sie es per Nachricht.
0375	Wie sollen Sie angezeigt werden?
0376	Vorname genügt
0377	Nur für die Anzeige beim Gegenüber. Wird nicht gespeichert.
0378	4 · WIE SIE SPRECHEN
0379	Über Mikrofon und Lautsprecher
0380	Sie brauchen nichts weiter als Ihr Gerät. Während die Übersetzung vorgelesen wird, pausiert das Mikrofon kurz – sonst hörte es die eigene Ausgabe und würde sie erneut übersetzen. Sie sprechen also abwechselnd, so wie bei einem Dolmetscher.
0381	Ich benutze Kopfhörer.[[1]] Dann entfällt die Pause und Sie können auch während der Ausgabe sprechen. In lauter Umgebung – Baustelle, Werkshalle – ist das die bessere Wahl, nötig ist es nicht.
0382	Kein Dolmetscher-Server hinterlegt. Tragen Sie die Adresse in [[1]]assets/sp-konfig.js[[2]] ein, dann lässt sich hier sprechen.
0383	Dolmetscher starten
0384	Verbunden.
0385	Beenden
0386	SIE SAGEN
0387	Sprechen Sie los. Hier erscheint, was der Server verstanden hat.
0388	SIE HÖREN
0389	Sobald die Gegenseite spricht, steht es hier – und Sie hören es in Ihrer Sprache.
0390	Wohin Ihre Stimme geht:[[1]] ausschließlich an den Server, dessen Adresse in dieser Anwendung hinterlegt ist. Kein zweiter Empfänger, keine Aufzeichnung, keine Ablage. Der Ton wird nach jedem Satz verworfen. Original und Übersetzung stehen immer nebeneinander, damit Missverständnisse auffallen.
0391	Keine verbindliche Übersetzung.[[1]] Für Gehalt, Arbeitszeit und Sicherheitszusagen gehört ein Mensch dazu oder eine schriftliche Bestätigung in beiden Sprachen.
0392	Impressum – Standard Plus
0393	Angaben gemäß § 5 Digitale-Dienste-Gesetz (DDG)
0394	Vor Veröffentlichung ausfüllen:[[1]] Alle Angaben in eckigen Klammern sind Platzhalter. Ein unvollständiges Impressum ist abmahnfähig.
0395	Anbieter
0396	[Firmenname, Rechtsform][[1]] [Straße und Hausnummer][[2]] [Postleitzahl und Ort][[3]] [Land]
0397	Kontakt
0398	Telefon: [Telefonnummer][[1]] E-Mail: [kontakt@ihre-domain.de][[2]] Sicherheitsmeldungen: [security@ihre-domain.de][[3]] Datenschutz: [datenschutz@ihre-domain.de]
0399	Vertretungsberechtigte Personen
0400	[Vor- und Nachname der Geschäftsführung]
0401	Registereintrag
0402	Registergericht: [Amtsgericht][[1]] Registernummer: [HRB 000000]
0403	Umsatzsteuer
0404	Umsatzsteuer-Identifikationsnummer gemäß § 27 a Umsatzsteuergesetz: [DE000000000]
0405	Erlaubnis und Aufsicht
0406	Sofern Arbeitnehmerüberlassung betrieben wird, ist eine Erlaubnis nach § 1 Arbeitnehmerüberlassungsgesetz erforderlich.
0407	Erlaubnis erteilt durch: [Bundesagentur für Arbeit, zuständige Regionaldirektion][[1]] Erteilt am: [Datum] · Aktenzeichen: [Nummer]
0408	Reine Arbeitsvermittlung ohne Überlassung ist erlaubnisfrei, unterliegt aber §§ 296 ff. SGB III. Insbesondere gilt: Von Arbeitsuchenden darf grundsätzlich keine Vergütung verlangt werden. Bitte prüfen Sie das Geschäftsmodell hierauf.
0409	Redaktionelle Verantwortung
0410	Verantwortlich für journalistisch-redaktionelle Inhalte gemäß § 18 Abs. 2 Medienstaatsvertrag:[[1]] [Vor- und Nachname][[2]][Anschrift]
0411	Verbraucherstreitbeilegung
0412	Wir sind [nicht] bereit oder verpflichtet, an Streitbeilegungsverfahren vor einer Verbraucherschlichtungsstelle teilzunehmen.
0413	Hinweis: Die Online-Streitbeilegungsplattform der Europäischen Kommission wurde im Juli 2025 eingestellt. Der früher übliche Verweis auf ec.europa.eu/consumers/odr gehört nicht mehr in ein Impressum.
0414	Haftung für Inhalte
0415	Als Diensteanbieter sind wir für eigene Inhalte auf diesen Seiten nach den allgemeinen Gesetzen verantwortlich. Wir sind jedoch nicht verpflichtet, übermittelte oder gespeicherte fremde Informationen zu überwachen oder nach Umständen zu forschen, die auf eine rechtswidrige Tätigkeit hinweisen. Verpflichtungen zur Entfernung oder Sperrung der Nutzung von Informationen nach den allgemeinen Gesetzen bleiben unberührt. Eine diesbezügliche Haftung ist erst ab dem Zeitpunkt der Kenntnis einer konkreten Rechtsverletzung möglich. Bei Bekanntwerden entsprechender Rechtsverletzungen entfernen wir diese Inhalte umgehend.
0416	Haftung für Links
0417	Diese Website verweist bewusst nur auf eigene Seiten. Sollten künftig externe Links aufgenommen werden, gilt: Auf deren Inhalte haben wir keinen Einfluss. Für die Inhalte der verlinkten Seiten ist stets der jeweilige Anbieter verantwortlich.
0418	Urheberrecht
0419	Die durch die Seitenbetreiber erstellten Inhalte und Werke unterliegen dem deutschen Urheberrecht. Beiträge Dritter sind als solche gekennzeichnet.
0420	Barrierefreiheit
0421	Wir gestalten diese Plattform nach den Anforderungen der WCAG 2.1 auf Stufe AA. Melden Sie Barrieren bitte an [kontakt@ihre-domain.de]; wir beheben sie zeitnah.
0422	Videointerview – Standard Plus
0423	Videointerview
0424	Interview mit Live-Übersetzung
0425	Demo-Gespräch:[[1]] Frei zugänglich, weil hier ausschließlich erfundene Personen und ein vorbereiteter Dialog verwendet werden. Ein echtes Interview ist nur nach Anmeldung und beidseitiger Freigabe erreichbar.
0426	Wählen Sie Ihre Rolle. Beide Seiten sprechen die eigene Sprache, die Übersetzung läuft in Echtzeit.
0427	Kein Dolmetscher-Server hinterlegt:[[1]] Sie sehen unten das vorbereitete Beispielgespräch – feste Sätze, keine echte Übersetzung. Sobald die Adresse Ihres eigenen Servers in [[2]]assets/sp-konfig.js[[3]] steht, erscheint hier der Knopf für den Live-Dolmetscher.
0428	Thomas Becker[[1]] [[2]]Personalleitung · Musterbau AG[[3]] [[4]][[5]]DE[[6]] spricht Deutsch
0429	Ion Tudose[[1]] [[2]]Polier und Bauführer[[3]] [[4]][[5]]RO[[6]] spricht Rumänisch
0430	Ich willige ein, dass meine Sprache während des Gesprächs automatisch übersetzt wird. Die Verarbeitung erfolgt auf Servern in der EU (Art. 6 Abs. 1 lit. a DSGVO). [[1]]Erforderlich.
0431	Zusätzlich: Das Gespräch darf aufgezeichnet werden. Ohne Zustimmung beider Seiten findet keine Aufzeichnung statt. Freiwillig, jederzeit widerrufbar.
0432	Zusätzlich: Es darf ein automatisches Gesprächsprotokoll erstellt werden. Die Endentscheidung trifft immer ein Mensch (Art. 22 DSGVO).
0433	Bitte Rolle wählen und einwilligen
0434	Nur Dolmetscher, ohne Video
0435	· [[1]]Zurück zum Dashboard[[2]] · [[3]]Datenschutzerklärung
0436	Interview · Ion Tudose und Thomas Becker
0437	Keine Aufzeichnung
0438	Ende-zu-Ende verschlüsselt
0439	Sicherheitshinweise
0440	Profil
0441	Protokoll
0442	Bewertung
0443	Ion Tudose
0444	Polier · 8 Jahre Erfahrung
0445	Rumänisch, Deutsch B1
0446	Rohbau
0447	Stahlbeton
0448	Kranschein
0449	Übereinstimmung mit der Stelle
0450	Berechnet aus Qualifikation, Erfahrung, Region und Verfügbarkeit. Die Gewichtung ist im Profil einsehbar.
0451	Thomas Becker
0452	Personalleitung · Musterbau AG
0453	Unternehmen geprüft
0454	Automatisches Protokoll
0455	Das Protokoll wird während des Gesprächs ergänzt.
0456	Das Protokoll ist ein Entwurf und muss vor Verwendung geprüft werden. Es wird nach 90 Tagen automatisch gelöscht.
0457	Einschätzung
0458	Kommunikation
0459	Fachkompetenz
0460	Arbeitssicherheit
0461	Gesamtbild
0462	Diese Einschätzung ist eine Entscheidungshilfe. Eine Absage darf nicht allein auf ihrer Grundlage erfolgen (Art. 22 DSGVO).
0463	Übersetzung aktiv
0464	Live-Übersetzung
0465	Rumänisch
0466	Verlauf löschen
0467	Das Gespräch beginnt, sobald jemand spricht. Jede Übersetzung wird mit Originaltext angezeigt.
0468	Kamera
0469	Mikrofon
0470	Bildschirm teilen
0471	Beispielgespräch
0472	Live-Dolmetscher
0473	Aufzeichnung
0474	Teilnehmende
0475	Interview beenden
0476	Dolmetscher bereit.
0477	Nachricht
0478	Nachricht schreiben - wird übersetzt
0479	Senden
0480	Anmelden – Standard Plus
0481	Ihr Zugang zu[[1]]geprüften Fachkräften
0482	Ein Konto für Matching, Interviews, Verträge und Transport – abgesichert nach dem Stand der Technik.
0483	Zwei-Faktor-Authentifizierung für jedes Firmenkonto
0484	Daten bleiben in EU-Rechenzentren
0485	Jede Anmeldung wird protokolliert und ist einsehbar
0486	Keine Weitergabe von Kontaktdaten ohne Freigabe
0487	27[[1]][[2]]EU-Staaten
0488	24[[1]][[2]]Sprachen
0489	0[[1]][[2]]Tracker
0490	Ihre Sitzung wurde nach 15 Minuten ohne Aktivität automatisch beendet. Bitte melden Sie sich erneut an.
0491	Anmelden oder registrieren
0492	Registrieren
0493	Willkommen zurück
0494	Melden Sie sich mit Ihren Zugangsdaten an.
0495	Fax (bitte freilassen)
0496	E-Mail-Adresse
0497	name@unternehmen.de
0498	Bitte geben Sie eine gültige E-Mail-Adresse ein.
0499	Passwort
0500	Ihr Passwort
0501	Passwort anzeigen
0502	Bitte geben Sie Ihr Passwort ein.
0503	Dieses Gerät 30 Tage merken
0504	Passwort vergessen?
0505	Weiter zur Bestätigung
0506	Prototyp:[[1]] Konten werden wirklich angelegt, aber ausschließlich in diesem Browser gespeichert. Es geht nichts an einen Server. Passwörter werden gesalzen und als Hashwert abgelegt, niemals im Klartext.
0507	Zugangsdaten zum Ausprobieren
0508	Damit Sie den vollständigen Ablauf einmal von beiden Seiten sehen können, sind Beispielkonten hinterlegt. Passwort jeweils [[1]]Demo!2026
0509	Rolle
0510	Arbeitgeber (Musterbau AG)
0511	demo@unternehmen.invalid
0512	Arbeitnehmer (Ion Tudose)
0513	demo1@beispiel.invalid
0514	Arbeitnehmer (Maria Kovacs)
0515	demo0@beispiel.invalid
0516	Solche Sammelzugänge gibt es nur im Prototyp. Im Echtbetrieb hat jedes Konto ein eigenes Passwort und Zwei-Faktor-Schutz.
0517	Noch kein Konto?
0518	Jetzt registrieren
0519	1[[1]]Rolle
0520	2[[1]]Zugangsdaten
0521	3[[1]]Bestätigung
0522	Wie möchten Sie Standard Plus nutzen?
0523	Wählen Sie Ihre Rolle. Danach fragen wir nur ab, was für Sie wirklich gebraucht wird.
0524	Arbeitgeber
0525	Ich suche Personal[[1]] [[2]]Stellen ausschreiben, geprüfte Profile durchsuchen und Anfragen stellen. Sie zahlen erst, wenn eine Vermittlung zustande kommt.
0526	Ich suche eine Stelle[[1]] [[2]]Profil anlegen, Nachweise hinterlegen und von Unternehmen gefunden werden. Für Sie ist die Nutzung dauerhaft kostenlos.
0527	Beförderungsunternehmen
0528	Ich fahre die Strecke[[1]] [[2]]Linien mit Wochentagen und Halten hinterlegen. Vermittelte Arbeitskräfte finden Ihre Fahrten und buchen direkt den passenden Tag.
0529	Ihre Daten werden erst sichtbar, wenn Sie eine Anfrage freigeben. Vorher sehen andere nur berufliche Angaben ohne Namen und Kontaktdaten.
0530	Bereits registriert?
0531	Jetzt anmelden
0532	Arbeitgeber[[1]] [[2]]Ich suche Personal
0533	Ändern
0534	Konto erstellen
0535	Nur fünf Angaben – das Profil füllen Sie danach in Ruhe aus.
0536	Firmenname
0537	Ihr Name
0538	Vorname
0539	Nachname
0540	Dient als Anmeldename. Wir versenden keine Werbung ohne Ihre Zustimmung.
0541	Mindestens 12 Zeichen
0542	mindestens 12 Zeichen
0543	Groß- und Kleinbuchstaben
0544	mindestens eine Ziffer
0545	ein Sonderzeichen
0546	Ich habe die [[1]]AGB[[2]] und die [[3]]Datenschutzerklärung[[4]] gelesen und stimme der dort beschriebenen Verarbeitung zu. [[5]](erforderlich)
0547	Ich möchte Produktneuigkeiten per E-Mail erhalten. Jederzeit widerrufbar.
0548	Ohne diese Zustimmung ist keine Registrierung möglich.
0549	Zurück
0550	Bestätigung in zwei Schritten
0551	Geben Sie den sechsstelligen Code aus Ihrer Authenticator-App ein. Der Code wechselt alle 30 Sekunden.
0552	Ziffer 1
0553	Ziffer 2
0554	Ziffer 3
0555	Ziffer 4
0556	Ziffer 5
0557	Ziffer 6
0558	Bitte alle sechs Ziffern eingeben.
0559	Anmeldung abschließen
0560	Im Prototyp wird jeder sechsstellige Code akzeptiert. Produktiv gilt: TOTP nach RFC 6238, Codes sind einmalig verwendbar, nach fünf Fehlversuchen wird das Konto für 15 Minuten gesperrt.
0561	Zugang über Wiederherstellungscode
0562	· [[1]]Sicherheit[[2]] · [[3]]Impressum[[4]] · [[5]]Cookie-Einstellungen
0563	Standard Plus - europaeische Plattform fuer Personalvermittlung. Datensparsames Matching, Live-Uebersetzung im Interview, digitale Vertraege. Betrieb ausschliesslich in der EU.
0564	Standard Plus – Personalvermittlung für Europa
0565	Standard Plus Startseite
0566	Personalvermittlung in Europa
0567	Standard Plus[[1]]Menschen verbinden.[[2]][[3]]Erfolg gestalten.
0568	Qualifizierte Fachkräfte. Zuverlässig. Persönlich. Schnell.
0569	Die europäische Plattform, die Unternehmen, Vermittler und Talente zusammenbringt – mit geprüften Profilen, Live-Übersetzung im Interview und digitalen Verträgen. Personenbezogene Daten werden erst nach beidseitiger Freigabe sichtbar.
0570	Was suchen Sie?
0571	Beschreiben Sie, wen Sie suchen – z. B. Polier für München, sofort verfügbar
0572	Vorschläge
0573	Ohne Anmeldung · jeder Vorschlag wird begründet · [[1]]Sie suchen ein Unternehmen?
0574	Kostenlos registrieren
0575	Profile ansehen
0576	27[[1]][[2]]EU-Mitgliedsstaaten
0577	24[[1]][[2]]Sprachen im Interview
0578	0[[1]][[2]]externe Tracker
0579	Ihre Vorschläge heute[[1]] [[2]]4 neu
0580	Maria K.[[1]] [[2]]Pflegefachkraft · 12 Jahre · Deutsch B2
0581	Ion T.[[1]] [[2]]Polier · 8 Jahre · Deutsch B1
0582	Piotr W.[[1]] [[2]]Full-Stack Entwickler · 10 Jahre
0583	Pseudonymisierte Ansicht: Nachname, Kontaktdaten und Dokumente werden erst nach beidseitiger Zustimmung freigegeben (Datenminimierung, Art. 5 Abs. 1 lit. c DSGVO).
0589	Geprüfte Profile aus ganz Europa
0590	Jedes Profil wird vor der Freischaltung auf Qualifikationsnachweise geprüft. Sichtbar ist nur, was für die Vorauswahl erforderlich ist.
0591	Maria K.
0592	Examinierte Pflegefachkraft
0593	Cluj (RO) → Deutschland
0594	Intensivpflege
0595	Notaufnahme
0596	Deutsch B2
0597	12 Jahre
0598	Fachliche Übereinstimmung
0599	Kontakt anfragen
0600	Profil ansehen
0601	Ion T.
0602	Polier und Bauführer
0603	Timișoara (RO) → Bayern
0604	Deutsch B1
0605	Piotr W.
0606	Full-Stack Entwickler
0607	Warschau (PL) → Remote / EU
0608	React
0609	Node.js
0610	Englisch C2
0611	Andreea M.
0612	Sous Chef
0613	Bukarest (RO) → Wien
0614	Fine Dining
0615	À la carte
0616	Patisserie
0617	Luca E.
0618	Elektroinstallateur
0619	Mailand (IT) → Frankfurt
0620	Industrieanlagen
0621	Photovoltaik
0622	Deutsch A2
0623	Sofia D.
0624	Altenpflegerin (examiniert)
0625	Sofia (BG) → Stuttgart
0626	Demenzpflege
0627	Palliativ
0628	9 Jahre
0629	Alle Profile durchsuchen
0630	Suche, Filter und vollständige Profile stehen nach der Anmeldung zur Verfügung.
0631	Vom Profil zum Vertrag in vier Schritten
0632	Jeder Schritt ist dokumentiert und für beide Seiten nachvollziehbar.
0633	Schritt 01
0634	Profil anlegen
0635	Qualifikationen, Sprachniveau und Wünsche erfassen. Nachweise werden verschlüsselt abgelegt und nur nach ausdrücklicher Freigabe geteilt.
0636	Schritt 02
0637	Vorschläge erhalten
0638	Der Abgleich bewertet Qualifikation, Erfahrung, Region und Verfügbarkeit. Die Gewichtung ist jederzeit einsehbar.
0639	Schritt 03
0640	Beidseitig freigeben
0641	Erst wenn beide Seiten zustimmen, werden Kontaktdaten sichtbar. Kein unaufgeforderter Kontakt, keine Weitergabe an Dritte.
0642	Schritt 04
0643	Interview und Vertrag
0644	Videointerview mit Live-Übersetzung, anschließend digitaler Vertragsabschluss und Koordination der Anreise.
0645	Funktionen
0646	Alle Module greifen ineinander
0647	Vom ersten Vorschlag bis zum Arbeitsbeginn – ohne Systemwechsel.
0648	Matching
0649	Bewertet über 40 Kriterien und begründet jeden Vorschlag nachvollziehbar. Keine automatisierte Ablehnung ohne menschliche Prüfung (Art. 22 DSGVO).
0650	Nachvollziehbar
0651	Echtzeitübersetzung in 24 EU-Sprachen direkt im Videointerview. Verarbeitung auf EU-Servern, Aufzeichnung nur mit Einwilligung beider Seiten.
0652	24 Sprachen
0653	Digitale Verträge
0654	Signatur nach eIDAS, revisionssichere Ablage und automatische Löschfristen je Dokumentart.
0655	eIDAS
0656	Transport und Ankunft
0657	Anreise, Unterkunft und Behördentermine koordiniert über die Plattform – mit Statusverfolgung für alle Beteiligten.
0658	Kennzahlen zu Laufzeiten, Abbruchgründen und Erfolgsquoten. Export als CSV oder PDF, aggregiert und ohne Personenbezug.
0659	Sicherheitszentrum
0660	Zwei-Faktor-Anmeldung, Geräteübersicht, Zugriffsprotokoll und Meldeweg für Schwachstellen – für jedes Konto einsehbar.
0661	Datenschutz und Sicherheit
0665	EU-Hosting
0667	Verschlüsselung
0677	Zwei Wege – Sie wählen
0679	Modell A · Einmalzahlung
0681	je erfolgreicher Vermittlung, fällig erst nach Vertragsunterschrift. Keine Grundgebühr, keine Laufzeit.
0682	Modell B · Abo
0684	399 € + 119 €/Monat
0687	Modell A
0688	Einmalzahlung
0689	Sie zahlen [[1]]nur bei Erfolg[[2]] – fällig erst, wenn der Arbeitsvertrag unterschrieben ist. Keine Grundgebühr, keine Laufzeit, keine Kündigung nötig.
0690	PREIS JE VERMITTLUNG
0691	Basis[[1]]Hilfs- und Facharbeitskräfte
0692	Professional[[1]]Fachkräfte mit abgeschlossener Ausbildung
0693	Spezialisten[[1]]Ingenieurwesen, Medizin, IT
0694	Executive[[1]]Führungskräfte
0695	IMMER ENTHALTEN
0696	Suche, Vorauswahl und geprüfte Nachweise
0697	Videointerview mit Live-Übersetzung
0698	Digitaler Vertrag nach eIDAS
0699	Ersatz ohne Aufpreis, wenn jemand in den ersten drei Monaten abspringt
0700	Eine Fachkraft (Professional)[[1]]einmalig, danach fällt nichts mehr an
0701	Einzelvermittlung anfragen
0702	Rechnung nach Vertragsunterzeichnung, zahlbar in 14 Tagen.
0703	Modell B
0704	Abo
0706	DAS KOMMT AUF SIE ZU
0707	Startgebühr[[1]]einmalig bei Vertragsbeginn
0708	Monatsbeitrag[[1]]ab dem ersten Monat
0709	Mindestlaufzeit[[1]]danach monatlich kündbar, ein Monat Frist
0710	Kosten nach 6 Monaten[[1]]399 € + 6 × 119 €
0711	Kosten nach 12 Monaten[[1]]399 € + 12 × 119 €
0713	Unbegrenzt viele Vermittlungen ohne weitere Kosten
0717	Im ersten Jahr insgesamt[[1]]unabhängig davon, wie viele Stellen Sie besetzen
0718	Abo starten
0719	Keine automatische Verlängerung um lange Zeiträume – nach sechs Monaten läuft es monatlich weiter.
0720	Kurz[[1]].[[2]] zusammengefasst
0732	Vermitteln wir über Partner, beträgt die Provision 20 %. Maßgeblich sind die [[1]]AGB[[2]]. Von Arbeitsuchenden wird keine Vergütung erhoben.
0733	Branchen
0734	Vermittlung in allen Berufsfeldern
0735	Logistik und Transport
0736	Gastronomie und Hotellerie
0737	Verwaltung und Büro
0738	Landwirtschaft
0739	Industrie und Produktion
0740	Bildung und Erziehung
0741	Elektrotechnik
0742	Einzelhandel
0743	Recht und Finanzen
0744	Forschung und Labor
0745	Kreativ und Design
0746	Regionen
0747	Alle 27 EU-Staaten
0748	Schwerpunkt im Korridor Deutschland, Österreich und Südosteuropa. Vermittlungen in die Schweiz erfolgen nach gesonderten Regelungen, da sie nicht der EU-Freizügigkeit unterliegen.
0749	Österreich
0750	Rumänien
0751	Polen
0752	Tschechien
0753	Ungarn
0754	Bulgarien
0755	Kroatien
0756	Slowakei
0757	Slowenien
0758	Italien
0759	Frankreich
0760	Spanien
0761	Portugal
0762	Niederlande
0763	Belgien
0764	Luxemburg
0765	Dänemark
0766	Schweden
0767	Finnland
0768	Irland
0769	Griechenland
0770	Malta
0771	Zypern
0772	Estland
0773	Lettland
0774	Litauen
0775	Schweiz · Sonderregelung
0776	Bereit für die nächste Einstellung?
0777	Konto anlegen, Bedarf beschreiben, passende Profile erhalten – ohne Vorabkosten.
0778	Sicherheit prüfen
0779	Zuverlässig.
0780	Kompetent.
0781	Nachhaltig.
0782	Die europäische Plattform für Personalvermittlung. Datensparsam aufgebaut, vollständig in der EU betrieben.
0783	Plattform
0784	So funktioniert es
0785	Recht und Sicherheit
0786	Cookie-Einstellungen
0787	DSGVO
0788	Musterprofile – Standard Plus
0789	Musterprofile
0790	So sehen die Profile aus
0791	Hier können Sie beide Profilarten in voller Tiefe ansehen – ohne Anmeldung und ohne Freigabe. Es handelt sich um erfundene Beispielkonten; bei echten Profilen greift die Abstufung selbstverständlich weiter.
0792	Arbeitnehmerprofil
0793	Polier und Bauführer aus Rumänien – ein vollständig ausgefülltes Bewerberprofil.
0794	DAS ENTHÄLT DAS PROFIL
0795	Name, Alter, Staatsangehörigkeit, Herkunft und Wunschland
0796	Beruf, Branche, Erfahrung, Gehaltsvorstellung, Verfügbarkeit
0797	Führerscheinklassen und Umzugsbereitschaft
0798	Sprachkenntnisse mit Stufe A1 bis C2
0799	Beruflicher Werdegang als Zeitleiste
0800	Zeugnisse, Diplome und Zertifikate mit Prüfvermerk
0801	Bewertungen früherer Arbeitgeber
0802	Vollständiges Arbeitnehmerprofil ansehen
0803	Zum Vergleich: eingeschränkte Ansicht
0804	Weiteres Beispiel: [[1]]Maria Kovács, Pflegefachkraft
0805	Arbeitgeberprofil
0806	Bauunternehmen aus München – ein vollständig ausgefülltes Unternehmensprofil.
0807	Firma, Rechtsform, Branche, Sitz und Gründungsjahr
0808	Größe und alle Standorte
0809	Ansprechperson mit Position und Kontaktdaten
0810	Was Mitarbeitenden geboten wird: Unterkunft, Sprachkurs, Fahrtkosten
0811	Offene Stellen mit Vergütung
0812	Handelsregisterauszug und Erlaubnis nach AÜG
0813	Bewertungen früherer Beschäftigter
0814	Vollständiges Arbeitgeberprofil ansehen
0815	Weiteres Beispiel: [[1]]Musterklinikum Berlin
0816	Wer sieht wie viel?
0817	Dieselben Daten, vier Stufen. Das ist der Kern des Datenschutzkonzepts: Es gibt keinen Weg an Kontaktdaten oder Dokumenten vorbei, außer über die beidseitige Freigabe.
0818	Stufe
0819	Wer
0820	Sichtbar
0821	Verborgen
0822	Öffentlich
0823	nicht angemeldet
0824	Beruf, Branche, Region, Erfahrung
0825	alles Weitere
0826	Eingeschränkt
0827	angemeldet, keine Freigabe
0828	alles Fachliche, Sprachen, Werdegang, Bewertungen
0829	Nachname, Kontaktdaten, Namen früherer Arbeitgeber, Dokumenteninhalte
0830	Vollansicht
0831	beidseitige Freigabe
0832	alles, Dokumente herunterladbar
0833	nichts
0834	Gesperrt
0835	eine Seite hat gesperrt
0836	alles
0837	Nur für Beispielkonten:[[1]] Die Musteransicht funktioniert ausschließlich bei den erfundenen Demo-Profilen. Hängt man den Parameter an ein echtes Konto, greift weiterhin die normale Abstufung – sonst wäre der Schutz wertlos.
0838	Keine Verbindung – Standard Plus
0839	Gerade keine Verbindung
0840	Diese Seite war noch nicht im Speicher der App. Sobald das Gerät wieder online ist, lädt sie wie gewohnt.
0841	Bereits besuchte Seiten öffnen sich auch ohne Netz. Anfragen, Buchungen und der Dolmetscher brauchen eine Verbindung.
0842	Zur Startseite
0843	Zum Dashboard
0844	Profil ansehen – Standard Plus
0845	Prototyp:[[1]] Alle hier gezeigten Angaben stammen aus der lokalen Datenbank in diesem Browser. Beispielprofile sind erfunden. Im Echtbetrieb entscheidet der Server bei jedem Aufruf erneut, welche Felder Sie sehen dürfen.
0846	Bewertung abgeben
0847	Bewerten können nur Konten, die tatsächlich zusammengearbeitet haben. Ihre Bewertung ist veröffentlicht und Ihrem Konto zugeordnet.
0848	Gesamteindruck
0849	Sterne
0850	Worum ging es?
0851	z. B. Anstellung als Polier
0852	Zeitraum
0853	z. B. 2024 bis 2025
0854	Ihre Erfahrung
0855	Sachlich und nachvollziehbar. Keine Angaben zu Gesundheit, Religion oder Herkunft.
0856	Unsachliche oder rechtswidrige Bewertungen werden entfernt.
0857	Bewertung veröffentlichen
0858	Auf meine Sperrliste setzen
0859	Dieses Profil wird für Sie ausgeblendet, und es sind keine Anfragen mehr in beide Richtungen möglich. Die Sperre gilt [[1]]nur für Ihr Konto[[2]] – andere Unternehmen und Bewerber sehen davon nichts.
0860	Eine gemeinsame, unternehmensübergreifende schwarze Liste gibt es bei uns bewusst nicht. Sie wäre rechtlich unzulässig.
0861	Grund (nur für Sie sichtbar, freiwillig)
0862	Sperre setzen
0863	Mein Profil – Standard Plus
0864	Konto angelegt.[[1]] Je vollständiger Ihr Profil, desto besser die Vorschläge. Nachweise und Werdegang machen den größten Unterschied.
0865	Alles, was die Gegenseite über Sie erfährt, steht hier. Wie viel davon jemand sieht, hängt von der Freigabe ab.
0866	Konto
0867	· angelegt [[1]]heute
0868	Profil vollständig
0869	So sehen andere mein Profil
0870	Person und Qualifikation
0871	Vor der Freigabe sehen andere nur den ersten Buchstaben.
0872	Geburtsjahr
0873	Wir speichern nur das Jahr, nicht das genaue Datum.
0874	Staatsangehörigkeit
0875	z. B. rumänisch
0876	Wohnort
0877	Beruf oder Ausbildung
0878	z. B. Examinierte Pflegefachkraft
0879	Branche
0880	Bitte wählen
0881	Herkunftsland
0882	Wunschland
0883	Berufserfahrung in Jahren
0884	Deutschkenntnisse
0885	Gehaltsvorstellung netto im Monat
0886	Verfügbar
0887	ab sofort
0888	in 2 Wochen
0889	in 4 Wochen
0890	in 3 Monaten
0891	Führerscheinklassen
0892	Telefonnummer
0893	Wird erst nach Ihrer Freigabe übermittelt.
0894	Fachliche Kenntnisse
0895	Mit Komma trennen, z. B. Intensivpflege, Notaufnahme
0896	Über mich
0897	Was sollte ein Unternehmen über Sie wissen? Schwerpunkte, Erfolge, Wünsche.
0898	Ich bin bereit umzuziehen.
0899	Mein Profil darf Unternehmen pseudonymisiert angezeigt werden. Ohne Haken sind Sie für niemanden auffindbar.
0900	Angaben speichern
0901	Beruflicher Werdegang
0902	Wo haben Sie bisher gearbeitet? Diese Angaben sind für Unternehmen am aussagekräftigsten.
0903	Station hinzufügen
0904	Position
0905	Land
0906	Von (Jahr)
0907	Bis
0908	Jahr oder heute
0909	Tätigkeit
0910	Aufgaben, Verantwortung, Größe des Teams, besondere Projekte
0911	Station speichern
0912	Unternehmensangaben
0913	Rechtsform
0914	z. B. GmbH
0915	Sitz
0916	Gegründet
0917	Mitarbeitende
0918	1 bis 9
0919	10 bis 49
0920	50 bis 249
0921	250 bis 999
0922	1000 und mehr
0923	Ansprechperson
0924	z. B. Personalleitung
0925	Über das Unternehmen
0926	Was machen Sie, wen suchen Sie, wie arbeiten Sie?
0927	Das bieten wir Mitarbeitenden
0928	Eine Leistung pro Zeile, z. B. Unterkunft in den ersten drei Monaten Deutschkurs während der Arbeitszeit
0929	Gerade bei Vermittlungen aus dem Ausland ist das oft das Entscheidende.
0930	Standorte
0931	Mit Komma trennen, z. B. München, Nürnberg
0932	Meine Stellenausschreibungen
0933	Neue Stelle ausschreiben
0934	Stellenbezeichnung
0935	z. B. Pflegefachkraft (m/w/d)
0936	Einsatzort
0937	Vergütung
0938	z. B. 3.000 bis 3.400 EUR
0939	Beschreibung
0940	Stelle veröffentlichen
0941	Unternehmensdaten
0942	z. B. SRL, GmbH
0943	Ohne gültige Lizenz keine Freischaltung.[[1]] Grenzüberschreitender Personenverkehr setzt eine Gemeinschaftslizenz nach VO (EG) 1073/2009 voraus. Ihre Angaben werden vor der Freischaltung geprüft.
0944	Gemeinschaftslizenz
0945	Nummer und Gültigkeit
0946	Versicherung
0947	Gesellschaft und Deckung
0948	Telefon
0949	Fahrzeuge
0950	z. B. 6 Reisebusse, 49 bis 57 Plätze
0951	Was Sie bieten – eine Zeile je Punkt
0952	Gepäck bis 2 Koffer inklusive Fahrer spricht Deutsch und Rumänisch
0953	Meine Fahrzeuge
0954	Jedes Fahrzeug mit Kennzeichen. Reisende sehen nach der Buchung, mit welchem Wagen sie fahren – vom Siebensitzer bis zum Reisebus.
0955	Fahrzeug eintragen
0956	Kennzeichen
0957	Fahrzeugart
0958	Reisebus
0959	Kleinbus
0960	Kleinbus, 9 Sitze
0961	Van, 7 Sitze
0962	Marke und Typ
0963	z. B. Setra S 516 HD
0964	Sitzplätze
0965	Baujahr
0966	Ausstattung – mit Komma trennen
0967	WLAN, Klimaanlage, Bordtoilette, Steckdose am Platz
0968	Fahrzeug speichern
0969	Meine Fahrer
0970	Nicht öffentlich.[[1]] Name und Telefonnummer Ihrer Fahrer sind personenbezogene Daten. Sie werden nur den Fahrgästen der jeweiligen Fahrt angezeigt – nicht im öffentlichen Verzeichnis (Art. 5 Abs. 1 lit. c DSGVO). Holen Sie vorher die Einwilligung Ihrer Fahrer ein.
0971	Fahrer eintragen
0972	Name
0973	Im Unternehmen seit
0974	Sprachen – mit Komma trennen
0975	Rumänisch, Deutsch, Ungarisch
0976	Fahrer speichern
0977	Meine Linien
0978	Eine Linie ist eine wiederkehrende Fahrt: dieselbe Strecke, dieselben Wochentage, dieselbe Abfahrtszeit. Vermittelte Arbeitskräfte bekommen daraus automatisch die passenden Reisetage vorgeschlagen.
0979	Neue Linie eintragen
0980	Fahrplan – eine Zeile je Halt
0981	Timișoara 17:30 Arad 19:00 Budapest 23:30 Wien 04:15 München 11:00 Stuttgart 14:30
0982	Ort und Uhrzeit, in der Reihenfolge der Fahrt. Wird eine Uhrzeit kleiner als die vorherige, zählt das als nächster Tag. Jeder Halt wird zum Ein- und Ausstieg buchbar – auch Teilstrecken, mit der jeweils richtigen Fahrtzeit.
0983	Ergibt
0984	An welchen Tagen fährt die Linie?
0985	Mo
0986	Di
0987	Mi
0988	Do
0989	Fr
0990	Sa
0991	So
0992	Preis je Platz
0993	Plätze im Bus
0994	Fahrzeug für diese Linie
0995	Noch offen – wird je Fahrt eingeteilt
0996	Reisende sehen dieses Fahrzeug sofort nach der Buchung. Sie können es für einzelne Fahrten später noch ändern.
0997	Hinweis für Reisende
0998	z. B. Halt in Stuttgart am Busbahnhof SBB, Gleis 4
0999	Linie veröffentlichen
1000	Gebuchte Fahrten
1001	Sprachkenntnisse
1002	Stufen nach dem Gemeinsamen Europäischen Referenzrahmen.
1003	Sprache
1004	z. B. Deutsch
1005	Niveau
1006	Muttersprache
1007	Sprache hinzufügen
1008	Zeugnisse, Diplome und Zertifikate
1009	Laden Sie Nachweise hoch. Der Inhalt wird erst nach beidseitiger Freigabe zugänglich – vorher sehen Unternehmen nur, [[1]]dass[[2]] ein Nachweis vorliegt.
1010	z. B. Diplom Krankenpflege
1011	Art des Nachweises
1012	Arbeitszeugnis
1013	Diplom oder Abschluss
1014	Zertifikat
1015	Anerkennungsbescheid
1016	Führerschein
1017	Gesundheitsnachweis
1018	Handelsregister oder Gewerbe
1019	Erlaubnis nach AÜG
1020	Sonstiger Nachweis
1021	Datei auswählen
1022	PDF, JPG oder PNG · bis 500 KB werden im Prototyp mitgespeichert
1023	Datei
1024	Nachweis hinzufügen
1025	Bilder von früheren Arbeiten
1026	Fotos von abgeschlossenen Projekten sagen oft mehr als jede Beschreibung. Achten Sie darauf, keine Personen ohne deren Einverständnis und keine Betriebsgeheimnisse abzubilden.
1027	Bildunterschrift
1028	z. B. Rohbau Wohnkomplex Cluj 2024
1029	Bild auswählen
1030	Wird automatisch auf 900 Pixel verkleinert
1031	Bild
1032	Bild hinzufügen
1033	Meine Bewertungen
1034	Bewertungen erhalten Sie von Konten, mit denen eine beidseitige Freigabe bestand.
1035	Anfragen und Freigaben
1036	Kontaktdaten werden erst ausgetauscht, wenn [[1]]beide Seiten[[2]] zugestimmt haben. Jede Entscheidung wird protokolliert.
1037	Meine Sperrliste
1038	Hier stehen Konten, die Sie ausgeblendet haben. Die Sperre gilt [[1]]nur für Sie[[2]].
1039	Eine gemeinsame, unternehmensübergreifende schwarze Liste gibt es bewusst nicht. Sie wäre nach DSGVO und Allgemeinem Gleichbehandlungsgesetz unzulässig und könnte zu Schadenersatzforderungen führen.
1040	Prototyp-Hinweis:[[1]] Konten, Profile, Nachweise und Bilder liegen ausschließlich in diesem Browser. Nichts wird an einen Server übertragen. Für den Echtbetrieb gehören Dateien in einen Objektspeicher mit Virenprüfung und signierten Links.
1041	Sicherheitsmassnahmen von Standard Plus: Verschluesselung, Zugriffsschutz, Protokollierung, Meldewege fuer Schwachstellen.
1042	Sicherheit – Standard Plus
1043	Wie wir Ihre Daten schützen
1044	Diese Seite beschreibt die technischen und organisatorischen Maßnahmen nach Art. 32 DSGVO – nachprüfbar und ohne Marketingversprechen.
1045	Ehrlichkeit vor Siegeln:[[1]] Wir führen hier nur Maßnahmen auf, die tatsächlich umgesetzt sind. Angaben zu Zertifizierungen wie ISO 27001 oder TISAX dürfen erst erscheinen, wenn ein gültiges Zertifikat vorliegt – andernfalls drohen wettbewerbsrechtliche Abmahnungen.
1046	Schutz auf allen Ebenen
1047	TLS 1.3 für jede Verbindung, HTTP wird auf HTTPS umgeleitet
1048	HSTS mit langer Laufzeit und Subdomänen
1049	AES-256 für Datenbank, Dateiablage und Sicherungen
1050	Schlüsselverwaltung getrennt von den Daten
1051	Zugang und Identität
1052	Zwei-Faktor-Authentifizierung, für Firmenkonten verpflichtend
1053	Passwortprüfung nach BSI-Empfehlung, Speicherung als Argon2id-Hash
1054	Sperre nach fünf Fehlversuchen, gestufte Wartezeiten
1055	Automatische Abmeldung nach 15 Minuten ohne Aktivität
1056	Berechtigungen
1057	Rollenkonzept nach dem Prinzip der minimalen Rechte
1058	Kontaktdaten erst nach beidseitiger Freigabe sichtbar
1059	Trennung von Mandanten auf Datenbankebene
1060	Zugriff durch Mitarbeitende nur mit Anlass und Protokoll
1061	Betrieb und Standort
1062	Rechenzentren ausschließlich in der EU
1063	Tägliche Sicherung, verschlüsselt, 30 Tage Aufbewahrung
1064	Wiederherstellung mindestens halbjährlich getestet
1065	Auftragsverarbeitungsverträge mit allen Dienstleistern
1066	Protokollierung
1067	Jeder Profilzugriff wird mit Zeitpunkt und Anlass erfasst
1068	Protokolle sind für Betroffene im Konto einsehbar
1069	Manipulationssichere Ablage, getrennt vom Anwendungssystem
1070	Automatische Meldung ungewöhnlicher Zugriffsmuster
1071	Anwendungssicherheit
1072	Strenge Content-Security-Policy ohne [[1]]unsafe-inline
1073	Ausgabe ausschließlich als Text, dadurch kein XSS-Weg
1074	CSRF-Token bei jeder verändernden Anfrage
1075	Abhängigkeiten werden automatisiert auf Schwachstellen geprüft
1076	Im Detail
1077	Warum diese Seite keine fremden Inhalte lädt
1078	Jede eingebundene fremde Ressource ist ein möglicher Angriffsweg und überträgt zugleich die IP-Adresse der Besuchenden an Dritte. Deshalb liegen Schriftarten, Symbole und Skripte auf unserem eigenen Server.
1079	Die Regel wird nicht nur behauptet, sondern vom Browser erzwungen: Der folgende Richtlinien-Satz verbietet das Laden fremder Quellen und blockiert Skripte, die in Seiteninhalte eingeschleust werden.
1080	Content-Security-Policy:[[1]][[2]] default-src 'self';[[3]] script-src 'self';[[4]] style-src 'self';[[5]] img-src 'self' data:;[[6]] connect-src 'self';[[7]] form-action 'self';[[8]] [[9]] base-uri 'none';[[10]] object-src 'none';
1081	Zusätzlich als HTTP-Kopfzeilen gesetzt: Strict-Transport-Security, X-Content-Type-Options, Referrer-Policy, Permissions-Policy und Cross-Origin-Opener-Policy. Die fertige Serverkonfiguration liegt der Anwendung bei.
1082	Umgang mit Sicherheitsvorfällen
1083	Erkennen:[[1]] automatische Überwachung, Meldungen von außen, regelmäßige Prüfung der Protokolle.
1084	Eindämmen:[[1]] betroffene Zugänge sperren, Sitzungen beenden, Schlüssel tauschen.
1085	Melden:[[1]] bei Risiko für Betroffene Meldung an die Aufsichtsbehörde innerhalb von 72 Stunden (Art. 33 DSGVO), bei hohem Risiko zusätzlich Benachrichtigung der Betroffenen (Art. 34 DSGVO).
1086	Aufarbeiten:[[1]] Ursachenanalyse, Maßnahmen, schriftlicher Bericht im Verzeichnis der Verarbeitungstätigkeiten.
1087	Schwachstelle gefunden?
1088	Wir freuen uns über Hinweise und verfolgen sie nicht rechtlich, solange Sie verantwortungsvoll vorgehen:
1089	keine fremden Daten einsehen, verändern oder veröffentlichen
1090	keine Angriffe auf Verfügbarkeit, keine Massentests
1091	90 Tage Zeit für die Behebung vor Veröffentlichung
1092	Kontakt:[[1]] [security@ihre-domain.de][[2]] [[3]]PGP-Fingerabdruck:[[4]] [hier eintragen][[5]] [[6]]Maschinenlesbar:[[7]] [[8]]/.well-known/security.txt
1093	Erste Rückmeldung innerhalb von zwei Werktagen.
1094	Vor dem Produktivbetrieb
1095	Was serverseitig noch umgesetzt werden muss
1096	Diese Anwendung ist ein Prototyp ohne Backend. Die folgenden Punkte lassen sich im Browser nicht abbilden und gehören zwingend auf den Server.
1097	Technisch
1098	Sicherheits-Kopfzeilen über den Webserver ausliefern (die Datei [[1]]assets/security-headers.conf[[2]] liegt bei)
1099	Sitzungscookies mit [[1]]HttpOnly[[2]], [[3]]Secure[[4]] und [[5]]SameSite=Strict
1100	Ratenbegrenzung je Konto und IP-Adresse, echte TOTP-Prüfung
1101	Serverseitige Validierung aller Eingaben und Dateiuploads
1102	Virenprüfung hochgeladener Zeugnisse, Ablage außerhalb des Webverzeichnisses
1103	Organisatorisch
1104	Verzeichnis der Verarbeitungstätigkeiten anlegen (Art. 30 DSGVO)
1105	Datenschutz-Folgenabschätzung für das Bewerbermatching
1106	Auftragsverarbeitungsverträge mit Hosting und Übersetzungsdienst
1107	Erlaubnis nach dem Arbeitnehmerüberlassungsgesetz prüfen, falls einschlägig
1108	Schulung der Mitarbeitenden, Vertraulichkeitsverpflichtung
1109	Fragen zum Datenschutz?
1110	Ihre Daten, Ihre Kontrolle – einsehbar und exportierbar im Datenschutz-Center.
1111	Datenschutzerklärung lesen
1112	Beschreiben Sie in eigenen Worten, wen oder was Sie suchen - Standard Plus schlaegt passende Profile vor und begruendet jeden Vorschlag.
1113	Suche – Standard Plus
1114	Beschreiben Sie einfach, was Sie suchen
1115	Kein Formular, keine Filter. Schreiben Sie in eigenen Worten – Sie bekommen sofort passende Vorschläge, jeder mit Begründung.
1116	Zum Beispiel: Ich suche einen Polier für München, mindestens 5 Jahre Erfahrung, gutes Deutsch, möglichst sofort verfügbar.
1117	Suchrichtung
1118	Ich suche Mitarbeitende
1119	Ich suche ein Unternehmen
1120	Vorschläge anzeigen
1121	Wie das funktioniert:[[1]] Ihr Text wird nach bekannten Begriffen durchsucht – Berufe, Branchen, Orte, Sprachniveaus, Fristen und Zahlen. Daraus entstehen die oben angezeigten Kriterien. Es ist [[2]]kein Sprachmodell[[3]], sondern eine feste Regelauswertung. Deshalb kann jeder Vorschlag begründet werden – und deshalb bleibt die Endentscheidung immer bei Ihnen (Art. 22 DSGVO).
1122	Gepruefte Fachkraefte aus der EU - pseudonymisierte Profiluebersicht mit Filter nach Branche, Land und Sprachniveau.
1123	Talente – Standard Plus
1124	Geprüfte Fachkräfte aus der EU
1125	Alle Angaben sind vor der Freischaltung geprüft. Angezeigt wird die pseudonymisierte Ansicht – vollständige Profile nach beidseitiger Freigabe.
1126	→ Lieber frei beschreiben, wen Sie suchen? Zur Freitextsuche mit Begründung.
1127	Suchbegriff
1128	Beruf, Qualifikation
1129	Alle Branchen
1130	Alle Länder
1131	Deutschniveau
1132	Alle Stufen
1133	ab A2
1134	ab B1
1135	ab B2
1136	8 Profile
1137	Filter zurücksetzen
1138	Ergebnisse anzeigen
1139	Datensparsame Ansicht:[[1]] Sichtbar sind nur Berufsangaben, Qualifikationsstufe, Sprachniveau und Region. Nachname, Geburtsdatum, Kontaktdaten, Lichtbild und Zeugnisse werden erst nach beidseitiger Freigabe übermittelt und dabei protokolliert.
1140	Keine Profile passen zu dieser Auswahl. Bitte Filter anpassen.
1141	Vollständige Profile freischalten
1142	Kostenlose Registrierung. Freigabe erfolgt immer beidseitig.
1143	Busverbindungen – Standard Plus
1144	Busverbindungen nach Deutschland
1145	Geprüfte Beförderungsunternehmen mit fester Linie. Suchen Sie Ihre Strecke – auch Teilstrecken sind buchbar, wenn beide Orte auf der Fahrt liegen.
1146	Von
1147	z. B. Timișoara
1148	Nach
1149	z. B. Stuttgart
1150	Wochentag
1151	Alle Tage
1152	Freitag
1153	Samstag
1154	Sonntag
1155	0 Linien
1156	Auf dieser Strecke fährt keine hinterlegte Linie. Bitte prüfen Sie die Schreibweise oder wählen Sie einen größeren Ort in der Nähe.
1157	Was geprüft wird:[[1]] Gemeinschaftslizenz nach VO (EG) 1073/2009, Versicherungsnachweis und Handelsregistereintrag. Ohne diese drei Nachweise wird kein Unternehmen freigeschaltet. Ab 250 km Fahrstrecke gelten die Fahrgastrechte nach VO (EU) 181/2011.
1158	Prototyp:[[1]] Die hier gezeigten Unternehmen und Linien sind erfunden. Preise, Abfahrtszeiten und Plätze dienen nur der Veranschaulichung.
1159	Gepruefte Unternehmen bei Standard Plus - mit Bewertungen, Leistungen und offenen Stellen.
1160	Unternehmen – Standard Plus
1161	Wer sucht bei Standard Plus?
1162	Bevor Sie eine Anfrage freigeben, können Sie das Unternehmen prüfen: Größe, Standorte, Leistungen für Mitarbeitende, hinterlegte Nachweise und Bewertungen früherer Beschäftigter.
1163	→ Lieber frei beschreiben, was Sie suchen? Zur Freitextsuche mit Begründung.
1164	Firma, Ort
1165	Mindestbewertung
1166	Alle
1167	ab 3 Sterne
1168	ab 4 Sterne
1169	ab 4,5 Sterne
1170	0 Unternehmen
1171	Keine Unternehmen passen zu dieser Auswahl.
1178	Preise von Standard Plus: Einmalzahlung je erfolgreicher Vermittlung oder Abo mit Rundum-Betreuung. Alle Preise zzgl. Umsatzsteuer.
1179	Preise – Standard Plus
1180	Entweder Sie zahlen [[1]]pro erfolgreicher Vermittlung[[2]] oder Sie buchen das [[3]]Abo mit Rundum-Betreuung[[4]]. Beides ohne versteckte Kosten. Alle Preise zuzüglich gesetzlicher Umsatzsteuer.
1181	Wenn Sie nur die Vermittlung brauchen
1182	Wenn Sie Rundum-Betreuung wünschen
1183	einmalige Startgebühr, danach monatlich – [[1]]unbegrenzt viele[[2]] Vermittlungen und Betreuung von der Suche bis nach dem Arbeitsantritt.
1184	Faustregel: Wer Einarbeitung, Anreise und Formalitäten selbst übernimmt, fährt mit der Einmalzahlung gut. Wer alles aus einer Hand möchte, wählt das Abo.
1185	Für Kunden, die eine [[1]]Rundum-Betreuung[[2]] wünschen: Wir kümmern uns nicht nur um passende Fachkräfte, sondern auch um alles, was danach kommt. Sie zahlen einmalig eine Startgebühr und danach monatlich.
1186	RUNDUM-BETREUUNG – ZUSÄTZLICH ZU MODELL A
1187	Feste Ansprechperson für alle Fragen – auch nach dem Arbeitsantritt
1188	Begleitung bei Unterlagen, Berufsanerkennung und Behördengängen
1189	Anreise wird organisiert – über geprüfte Busunternehmen
1190	Live-Dolmetscher für Gespräche mit Ihren neuen Mitarbeitenden
1191	Ersatz innerhalb von 84 Stunden bei längeren Ausfällen
1192	Einmalzahlung, wenn Sie nur die Vermittlung brauchen. Abo, wenn Sie Rundum-Betreuung wünschen – mit fester Ansprechperson, Begleitung bis nach dem Arbeitsantritt und Ersatz innerhalb von 84 Stunden bei längeren Ausfällen.
1193	Für wen lohnt sich das Abo?
1194	Das Abo lohnt sich nicht erst ab einer bestimmten Zahl von Einstellungen, sondern für alle Kunden, die eine [[1]]Rundum-Betreuung[[2]] wünschen – also nicht nur passende Fachkräfte, sondern jemanden, der sich auch um alles danach kümmert.
1195	DAS ABO PASST ZU IHNEN, WENN SIE …
1196	sich nicht selbst um Unterlagen, Anerkennung und Behörden kümmern möchten
1197	die Anreise Ihrer neuen Mitarbeitenden organisiert haben wollen
1198	eine feste Ansprechperson statt wechselnder Kontakte wünschen
1199	bei Ausfällen schnell Ersatz brauchen
1200	zum ersten Mal Fachkräfte aus dem Ausland einstellen
1201	DIE EINMALZAHLUNG PASST, WENN SIE …
1202	nur gelegentlich eine Stelle besetzen
1203	Einarbeitung, Anreise und Formalitäten selbst übernehmen
1204	bereits Erfahrung mit Fachkräften aus dem Ausland haben
1205	Leistung
1206	enthalten
1207	Feste Ansprechperson
1208	nicht enthalten
1209	Begleitung bei Berufsanerkennung und Behördengängen
1210	Organisation der Anreise
1211	Betreuung nach dem Arbeitsantritt
1212	Unbegrenzt viele Vermittlungen
1213	Busverbindungen
1214	Anfragen und Vorgänge
1216	Alle Profile
1217	Live-Dolmetscher[[1]][[2]]Gespräch übersetzen
