0001	Termeni și condiții – Standard Plus
0002	Salt la conținut
0003	Standard
0004	Plus
0005	Recrutare de personal
0006	Navigare principală
0007	Angajați
0008	Companii
0009	Cum funcționează
0010	Prețuri
0011	Autentificare
0012	Panou
0013	Profilul meu
0014	Deconectare
0015	Deschide meniul
0016	Termeni și condiții generale
0017	Versiunea din 1 septembrie 2026
0018	Proiect:[[1]] Acest text este un cadru și nu înlocuiește consultanța juridică. Verificați-l cu un avocat înainte de utilizare – în special regulile de remunerare față de persoanele în căutarea unui loc de muncă (art. 296 și urm. SGB III), răspunderea și clauzele interzise conform art. 305 și urm. BGB.
0019	§ 1 Domeniu de aplicare
0020	(1) Acești termeni se aplică utilizării platformei Standard Plus de către companii, agenții de personal și persoane în căutarea unui loc de muncă.
0021	(2) Condițiile divergente ale utilizatorilor nu devin parte a contractului, cu excepția cazului în care acceptăm în mod expres și în scris valabilitatea lor.
0022	§ 2 Servicii
0023	(1) Standard Plus pune la dispoziție o platformă prin care companiile și persoanele în căutarea unui loc de muncă se găsesc reciproc. Datorăm punerea la dispoziție a platformei, nu succesul unei plasări.
0024	(2) În funcție de modelul ales, serviciile includ căutarea de profiluri, potrivirea profesională, interviuri video cu traducere, gestionarea contractelor și coordonarea călătoriei.
0025	(3) Potrivirea profesională este un instrument de sprijin. Decizia de selecție o ia întotdeauna compania.
0026	§ 3 Înregistrare și cont
0027	(1) Utilizarea necesită un cont. Informațiile trebuie să fie reale și actualizate.
0028	(2) Datele de acces trebuie păstrate secrete. Pentru conturile de companie, autentificarea în doi pași este obligatorie. Orice suspiciune de abuz trebuie raportată imediat la [security@ihre-domain.de].
0029	(3) Putem bloca conturi dacă există o suspiciune întemeiată de utilizare abuzivă, informații false sau încălcări ale legii.
0030	§ 4 Obligațiile utilizatorilor
0031	(1) Pot fi încărcate doar date pentru a căror prelucrare există un drept. Crearea de profiluri ale unor terți fără știrea acestora este interzisă.
0032	(2) Datele de contact comunicate prin platformă pot fi folosite exclusiv în scopul ocupării postului concret. Transmiterea către terți, publicitatea și crearea de baze de date proprii sunt interzise.
0033	(3) Anunțurile de angajare trebuie formulate fără discriminare, în sensul Legii generale germane privind egalitatea de tratament.
0034	(4) Extragerea automată a datelor de pe platformă este interzisă.
0035	§ 5 Remunerare
0036	(1) Se aplică sumele afișate pe pagina de prețuri. Toate prețurile nu includ TVA.
0037	(2) Remunerația pentru o plasare individuală devine scadentă la încheierea contractului de muncă dintre companie și persoana plasată.
0038	(3) Persoanelor în căutarea unui loc de muncă nu li se percepe nicio taxă pentru plasare.
0039	(4) Facturile se plătesc în termen de 14 zile, fără deduceri.
0040	§ 6 Durată și reziliere
0041	(1) Abonamentele au o durată minimă de șase luni și apoi se prelungesc pe perioadă nedeterminată.
0042	(2) După expirarea duratei minime, rezilierea este posibilă oricând, cu un preaviz de o lună. Rezilierea se poate face din cont și în formă scrisă.
0043	(3) Dreptul de reziliere din motive întemeiate rămâne neafectat.
0044	§ 7 Înlocuire
0045	Dacă o persoană plasată pleacă în primele trei luni din motive care nu țin de companie, se face o nouă plasare fără costuri suplimentare. Condiția este notificarea în termen de 14 zile de la plecare.
0046	§ 8 Protecția datelor
0047	Prelucrarea datelor cu caracter personal se face conform [[1]]politicii de confidențialitate[[2]]. Utilizatorii care prelucrează date ale terților prin platformă sunt responsabili în mod independent și ne despăgubesc pentru pretențiile terților care rezultă din încălcarea acestei obligații.
0048	§ 9 Disponibilitate
0049	Urmărim o disponibilitate medie anuală de 99 la sută. Sunt excluse ferestrele de mentenanță anunțate și întreruperile care nu ne sunt imputabile.
0050	§ 10 Răspundere
0051	(1) Răspundem nelimitat în caz de intenție și neglijență gravă, precum și în caz de vătămare a vieții, corpului și sănătății.
0052	(2) În caz de neglijență simplă, răspundem doar pentru încălcarea unei obligații contractuale esențiale și limitat la prejudiciul previzibil, tipic pentru contract.
0053	(3) Nu răspundem pentru corectitudinea informațiilor încărcate de utilizatori și nici pentru încheierea unui raport de muncă.
0054	§ 11 Dreptul de retragere pentru consumatori
0055	Consumatorii au un drept de retragere de 14 zile. Detaliile și formularul-tip de retragere se găsesc în informarea privind dreptul de retragere. Companiile nu au drept de retragere.
0056	§ 12 Modificarea acestor termeni
0057	Anunțăm modificările în formă scrisă cu cel puțin șase săptămâni înainte de intrarea lor în vigoare. Dacă nu vă opuneți în acest termen, modificările se consideră acceptate. Atragem atenția separat, în anunț, asupra semnificației tăcerii.
0058	§ 13 Dispoziții finale
0059	(1) Se aplică legislația Republicii Federale Germania, cu excluderea Convenției ONU privind vânzarea internațională de mărfuri. Față de consumatori, aceasta se aplică doar în măsura în care nu sunt restrânse prevederile imperative de protecție ale țării de reședință.
0060	(2) Instanța competentă pentru comercianți este [localitate].
0061	(3) Dacă o prevedere este nulă, valabilitatea celorlalte prevederi rămâne neafectată.
0062	© 2026 Standard Plus. Toate drepturile rezervate.
0063	Pagina principală
0064	Confidențialitate
0065	Date de identificare
0066	Cookie-uri
0067	Panou – Standard Plus
0068	Meniu principal
0069	Spațiu de lucru
0070	Caută talente
0071	Căutare liberă
0072	Procese
0073	Flux de recrutare
0074	Contracte
0075	Mesaje
0076	Interviuri
0077	Interpret
0078	Călătorie
0079	Instrumente
0080	Traducere
0081	Transport
0082	Rapoarte
0083	Centrul de confidențialitate
0084	Securitate
0085	Setări
0086	Musterfirma GmbH[[1]] [[2]]Autentificat
0087	Afișează sau ascunde meniul
0088	Bună ziua, [[1]]bun venit
0089	Prezentarea plasărilor în curs
0090	Căutare
0091	Profiluri, posturi, contracte
0092	Setări de confidențialitate
0093	Notificări
0094	Profiluri în baza de date
0095	Aprobări reciproce
0096	Cereri deschise
0097	Posturi proprii deschise
0098	Călătoria dumneavoastră
0099	Vezi toate cursele
0100	Profiluri potrivite
0101	Vezi toate
0102	Numele complete și datele de contact sunt afișate doar după aprobarea reciprocă. Selecția dumneavoastră este înregistrată și poate fi consultată în centrul de confidențialitate.
0103	Activitate
0104	Stare confidențialitate și securitate
0105	Spre centrul de confidențialitate
0106	Autentificare în doi pași activă
0107	Se încarcă
0108	Termene de ștergere active
0109	Cererile respinse după 30 de zile, datele candidaturilor la șase luni după încheiere.
0110	Accesări înregistrate
0111	Cereri
0112	Flux de ocupare a posturilor
0113	Gestionează
0114	Nou
0115	Maria K.[[1]][[2]]Asistentă medicală · Ungaria
0116	Termen
0117	azi
0118	Stefan I.[[1]][[2]]Electrician · România
0119	Verificare
0120	Jana N.[[1]][[2]]Contabilitate · Cehia
0121	Luni
0122	Luca E.[[1]][[2]]Electrice · Italia
0123	Marți
0124	Interviu
0125	Andreea M.[[1]][[2]]Bucătărie · România
0126	mâine
0127	Piotr W.[[1]][[2]]Dezvoltare · Polonia
0128	La distanță
0129	Miercuri
0130	Ofertă
0131	Ion T.[[1]][[2]]Conducere șantier · România
0132	Joi
0133	Plasări pe domenii
0134	Raport
0135	Sănătate și îngrijire
0136	Construcții și meserii
0137	IT și tehnologie
0138	Logistică
0139	Gastronomie
0140	Acțiuni rapide
0141	Publică un post[[1]][[2]]Creează un post vacant
0142	Caută profiluri[[1]][[2]]Filtre și sugestii
0143	Pornește interviul[[1]][[2]]Cu traducere live
0144	Creează contract[[1]][[2]]Semnătură eIDAS
0145	Rezervă călătoria[[1]][[2]]Coordonează transportul
0146	Exportă datele[[1]][[2]]Acces conform art. 15
0147	· [[1]]Securitate[[2]] · [[3]]Date de identificare[[4]] · [[5]]Termeni[[6]] · [[7]]Setări cookie-uri
0148	Centrul de confidențialitate – Standard Plus
0149	Aici vedeți ce date există despre contul dumneavoastră, cine le-a accesat și vă puteți exercita drepturile – fără a trece prin asistență.
0150	Cont autentificat
0151	Blocare după 15 min.
0152	Consimțăminte
0153	Selecția dumneavoastră actuală. Modificările au efect imediat și sunt înregistrate cu marcaj temporal (art. 7 alin. (1) GDPR).
0154	Modifică setările
0155	Retrage toate consimțămintele
0156	Exercitați-vă drepturile
0157	Acces conform art. 15 GDPR
0158	Prezentarea tuturor datelor stocate despre dumneavoastră, a scopurilor, destinatarilor și termenelor de păstrare. Procesare în termen de o lună.
0159	Solicită
0160	Portabilitatea datelor conform art. 20 GDPR
0161	Export în format JSON citibil automat, pentru transmitere către alt furnizor. Generat direct în browserul dumneavoastră.
0162	Creează exportul
0163	Rectificare conform art. 16 GDPR
0164	Corectarea informațiilor incorecte din profil, calificări sau datele de contact.
0165	Raportează o corectură
0166	Ștergere conform art. 17 GDPR
0167	Eliminarea definitivă a contului și a datelor de profil. Datele de facturare rămân stocate până la zece ani din cauza obligațiilor legale de păstrare și sunt blocate în acest timp.
0168	Șterge contul
0169	Cine v-a accesat profilul?
0170	Fiecare accesare a datelor cu caracter personal este înregistrată. Companiile văd doar profilurile pentru care există o aprobare sau o cerere deschisă.
0171	Moment
0172	Cine a accesat
0173	Motiv
0174	Volum
0175	azi, 09:41
0176	Musterklinikum Berlin
0177	post deschis terapie intensivă
0178	pseudonimizat
0179	ieri, 16:02
0180	Musterbau AG
0181	Pregătire interviu
0182	după aprobare
0183	ieri, 11:18
0184	Asistență Standard Plus
0185	Tichet 4821, la cererea dumneavoastră
0186	Date de bază
0187	acum 3 zile, 08:55
0188	TechCorp GmbH
0189	Rezultat al căutării
0190	Dispozitive autentificate
0191	Dispozitiv
0192	Locație
0193	Ultima activitate
0194	Acest dispozitiv
0195	Germania
0196	acum
0197	activ
0198	Calculator de birou
0199	acum 2 zile
0200	Nu recunoașteți un dispozitiv? Deconectați-l, schimbați parola și informați [security@ihre-domain.de].
0201	Jurnalul acestei sesiuni
0202	Toate acțiunile efectuate în această sesiune. Înregistrarea rămâne exclusiv în browserul dumneavoastră și este ștearsă la închidere.
0203	Nicio înregistrare încă.
0204	Actualizează
0205	Descarcă jurnalul
0206	Pentru întrebări, responsabilul nostru cu protecția datelor este disponibil la [datenschutz@ihre-domain.de]. Dreptul dumneavoastră de a depune o plângere la autoritatea de supraveghere rămâne neafectat.
0207	Sigur doriți să ștergeți contul?
0208	Profilul, mesajele și toate aprobările vor fi eliminate definitiv. Plasările în curs vor fi anulate. Datele de facturare rămân stocate și blocate până la expirarea termenului legal de păstrare.
0209	Pentru confirmare, introduceți [[1]]ȘTERGE[[2]]
0210	Șterge definitiv
0211	Anulează
0212	Politica de confidențialitate Standard Plus conform art. 13 și 14 GDPR.
0213	Politica de confidențialitate – Standard Plus
0214	Politica de confidențialitate
0215	Versiunea din 1 septembrie 2026 · Versiunea 3.0
0216	Notă pentru operare:[[1]] Toate informațiile din paranteze drepte sunt substituenți și trebuie înlocuite cu datele reale ale companiei și verificate de un avocat înainte de publicare. Afirmațiile despre certificări pot rămâne doar dacă acestea există efectiv.
0217	Protecția datelor dumneavoastră cu caracter personal este esențială pentru noi. În recrutare prelucrăm informații care țin profund de viața oamenilor. Această politică descrie ce date prelucrăm, în ce scop, pe ce temei juridic și ce drepturi aveți.
0218	Cuprins
0219	Operator
0220	Responsabil cu protecția datelor
0221	Categorii de date prelucrate
0222	Scopuri și temeiuri juridice
0223	Destinatari
0224	Transfer către țări terțe
0225	Durata stocării și ștergere
0226	Decizii automatizate
0227	Cookie-uri și stocare locală
0228	Jurnale de server
0229	Drepturile dumneavoastră
0230	Securitatea prelucrării
0231	Modificări
0232	1. Operator
0233	Operatorul în sensul art. 4 pct. 7 GDPR este:
0234	[Denumirea companiei][[1]][Strada și numărul][[2]][Cod poștal și localitate][[3]] Telefon: [număr de telefon][[4]]E-mail: [datenschutz@ihre-domain.de]
0235	2. Responsabil cu protecția datelor
0236	Responsabilul nostru cu protecția datelor poate fi contactat la [datenschutz@ihre-domain.de] sau prin poștă la adresa de mai sus, cu mențiunea „Responsabil cu protecția datelor”.
0237	Notă: Desemnarea este obligatorie, printre altele, dacă activitatea principală constă în prelucrarea pe scară largă a unor categorii speciale de date (art. 37 GDPR, § 38 BDSG).
0238	3. Categorii de date prelucrate
0239	3.1 În cazul candidaților
0240	Date de bază: nume, adresă, data nașterii, cetățenie
0241	Date de contact: adresă de e-mail, număr de telefon
0242	Date privind calificarea: diplome, referințe, decizii de recunoaștere, nivel de limbă, experiență profesională, permise de conducere și certificate
0243	Disponibilitate, regiune dorită și așteptări salariale
0244	Date de comunicare din mesaje și programări pentru interviuri
0245	Informații privind șederea și permisul de muncă, în măsura în care legea o impune
0246	3.2 În cazul companiilor și agențiilor
0247	Datele companiei, numărul din registrul comerțului, codul de TVA
0248	Datele de contact ale persoanelor autorizate
0249	Date contractuale și de facturare
0250	3.3 Categorii speciale
0251	Prelucrăm informații privind sănătatea doar dacă sunt necesare legal pentru exercitarea activității, de exemplu certificate de aptitudine medicală. Temeiul este art. 9 alin. (2) lit. (b) GDPR coroborat cu § 26 alin. (3) BDSG sau consimțământul dumneavoastră explicit. Nu colectăm informații despre religie, apartenență sindicală, origine etnică sau orientare sexuală și vă rugăm să nu le introduceți în câmpurile de text liber.
0252	4. Scopuri și temeiuri juridice
0253	Scop
0254	Temei juridic
0255	Observație
0256	Punerea la dispoziție a contului de utilizator
0257	Art. 6 alin. (1) lit. (b) GDPR
0258	Executarea contractului
0259	Plasarea și potrivirea profilurilor
0260	Serviciul de bază al platformei
0261	Transmiterea datelor de contact către o companie
0262	Art. 6 alin. (1) lit. (a) GDPR
0263	doar după aprobarea reciprocă
0264	Traducere live în interviu
0265	Consimțământ înainte de începerea discuției
0266	Înregistrarea unui interviu
0267	doar cu acordul tuturor participanților
0268	Protecție împotriva abuzurilor și atacurilor
0269	Art. 6 alin. (1) lit. (f) GDPR
0270	interes legitim pentru o funcționare sigură
0271	Facturare și contabilitate
0272	Art. 6 alin. (1) lit. (c) GDPR
0273	obligații de drept comercial și fiscal
0274	Informații despre produse prin e-mail
0275	voluntar, poate fi retras oricând
0276	5. Destinatari
0277	Datele sunt transmise doar în măsura în care este necesar:
0278	către companiile care au solicitat un profil – doar după aprobarea dumneavoastră explicită
0279	către persoane împuternicite cu contract conform art. 28 GDPR, în special găzduire, trimitere de e-mailuri și serviciu de traducere – toate cu sediul în UE
0280	către autorități, în măsura în care există o obligație legală
0281	Datele nu sunt transmise rețelelor de publicitate, brokerilor de date sau rețelelor sociale.
0282	6. Transfer către țări terțe
0283	Prelucrarea și copiile de siguranță au loc exclusiv în centre de date din Uniunea Europeană. Nu se transferă date către țări terțe. Dacă acest lucru se va schimba în viitor, vă vom informa în prealabil și vom baza transferul pe o decizie privind caracterul adecvat sau pe clauze contractuale standard, inclusiv o evaluare a nivelului de protecție din țara de destinație.
0284	7. Durata stocării și ștergere
0285	Date
0286	Termen
0287	Temei
0288	Documente de candidatură fără plasare
0289	6 luni după încheierea procedurii
0290	Termen de probă conform § 15 AGG, plus o marjă
0291	Profil cu cont activ
0292	până la ștergerea de către dumneavoastră
0293	Raport contractual
0294	Cont inactiv, fără autentificare
0295	Memento după 18 luni, ștergere după 24 de luni
0296	Principiul limitării stocării
0297	Înregistrarea interviului
0298	30 de zile
0299	Consimțământ, apoi ștergere automată
0300	Procesul-verbal al discuției
0301	90 de zile
0302	Consimțământ
0303	Jurnale de acces și securitate
0304	14 zile, mai mult în cazul unui incident de securitate
0305	interes legitim
0306	Facturi și documente contabile
0307	10 ani
0308	Dovezi ale consimțământului
0309	3 ani după retragere
0310	Responsabilitate, art. 5 alin. (2) GDPR
0311	8. Decizii automatizate și crearea de profiluri
0312	Sistemul nostru calculează un scor pentru potrivirea profesională dintre profil și post. Acest scor este o presortare și servește drept sprijin decizional. Nicio respingere sau acceptare nu are loc exclusiv pe baza prelucrării automatizate; fiecare decizie este luată și asumată de un om.
0313	Aveți dreptul să aflați criteriile calculului, să vă exprimați punctul de vedere și să solicitați o verificare de către o persoană (art. 22 alin. (3) GDPR). Criteriile utilizate pot fi consultate în contul dumneavoastră.
0314	9. Cookie-uri și stocare locală
0315	Setăm doar ceea ce este necesar din punct de vedere tehnic sau ceea ce ați acceptat. Vă puteți modifica oricând selecția din [[1]]setările cookie-urilor[[2]].
0316	Denumire
0317	Durată
0318	Categorie
0319	sp.session
0320	Starea autentificării în timpul sesiunii
0321	până la închiderea browserului
0322	necesar
0323	sp.consent.v1
0324	stochează selecția dumneavoastră privind confidențialitatea
0325	12 luni
0326	csrf_token
0327	Protecție împotriva falsificării cererilor
0328	Sesiune
0329	sp.f.*
0330	Setări de filtrare și afișare
0331	6 luni
0332	funcțional
0333	Nu sunt încărcate servicii ale terților. Acest site nu include fonturi externe, hărți, platforme video sau scripturi de analiză. Astfel, la accesare nu se stabilește nicio conexiune cu servere din afara infrastructurii noastre.
0334	10. Jurnale de server
0335	La accesare sunt înregistrate date necesare tehnic: adresa IP scurtată, momentul, resursa accesată, volumul transferat, codul de stare și tipul de browser. Stocarea servește siguranței operaționale și apărării împotriva atacurilor (art. 6 alin. (1) lit. (f) GDPR). Ștergerea are loc după 14 zile, cu excepția cazului în care un incident de securitate impune o păstrare mai lungă.
0336	11. Drepturile dumneavoastră
0337	Acces[[1]] la datele stocate despre dumneavoastră (art. 15)
0338	Rectificarea[[1]] datelor incorecte (art. 16)
0339	Ștergerea[[1]], dacă nu există o obligație de păstrare (art. 17)
0340	Restricționarea[[1]] prelucrării (art. 18)
0341	Portabilitatea[[1]] datelor într-un format structurat (art. 20)
0342	Opoziție[[1]] față de prelucrările bazate pe interese legitime (art. 21)
0343	Retragerea[[1]] consimțămintelor acordate, cu efect pentru viitor (art. 7 alin. (3))
0344	Vă puteți exercita aceste drepturi direct în [[1]]centrul de confidențialitate[[2]] sau printr-o solicitare informală la [datenschutz@ihre-domain.de]. Răspundem în termen de o lună.
0345	Independent de aceasta, aveți dreptul de a depune o plângere la o autoritate de supraveghere, în special la locul de reședință sau la sediul nostru: [introduceți autoritatea regională competentă pentru protecția datelor].
0346	12. Securitatea prelucrării
0347	Luăm măsuri tehnice și organizatorice conform art. 32 GDPR. Situația actuală este descrisă în detaliu pe pagina [[1]]Securitate[[2]], inclusiv criptarea transmisiei, stocarea criptată, autentificarea în doi pași, conceptul de roluri și drepturi, jurnalizarea și verificările periodice.
0348	13. Modificarea acestei politici
0349	Adaptăm această politică atunci când prelucrarea se schimbă. Anunțăm modificările importante în cont cu cel puțin 30 de zile înainte. Versiunile anterioare sunt disponibile la cerere.
0350	Doriți să vă vedeți, exportați sau ștergeți datele? Puteți face acest lucru direct în [[1]]centrul de confidențialitate[[2]].
0351	Interpret – Standard Plus
0352	Fiecare vorbește propria limbă
0353	Dumneavoastră vorbiți română, interlocutorul aude germană – și invers. Două dispozitive, un cod. Microfonul și difuzorul sunt suficiente, nu aveți nevoie de căști.
0354	1 · LIMBA DUMNEAVOASTRĂ
0355	Ce limbă vorbiți?
0356	Germană · Deutsch
0357	Română
0358	Poloneză · Polski
0359	Bulgară · Български
0360	Maghiară · Magyar
0361	Croată · Hrvatski
0362	Slovacă · Slovenčina
0363	Cehă · Čeština
0364	Italiană · Italiano
0365	Spaniolă · Español
0366	Portugheză · Português
0367	Turcă · Türkçe
0368	Ucraineană · Українська
0369	Engleză · English
0370	Nimeni nu setează limba țintă – ea rezultă din ce a ales cealaltă parte.
0371	2 · COD
0372	Ambele părți introduc același cod
0373	Generează un cod nou
0374	Citiți-l celeilalte părți la telefon sau trimiteți-l prin mesaj.
0375	Cum doriți să fiți afișat?
0376	Prenumele este suficient
0377	Afișat doar interlocutorului. Nu se salvează.
0378	4 · CUM VORBIȚI
0379	Prin microfon și difuzor
0380	Nu aveți nevoie decât de dispozitivul dumneavoastră. Cât timp traducerea este redată, microfonul face o scurtă pauză – altfel ar auzi propria redare și ar traduce-o din nou. Vorbiți deci pe rând, ca în prezența unui interpret.
0381	Folosesc căști.[[1]] Atunci pauza dispare și puteți vorbi și în timpul redării. Într-un mediu zgomotos – șantier, hală de producție – aceasta este varianta mai bună, dar nu este obligatorie.
0382	Niciun server de interpretare configurat. Introduceți adresa în [[1]]assets/sp-konfig.js[[2]], apoi puteți vorbi aici.
0383	Pornește interpretul
0384	Conectat.
0385	Încheie
0386	SPUNEȚI
0387	Începeți să vorbiți. Aici apare ce a înțeles serverul.
0388	AUZIȚI
0389	Imediat ce vorbește cealaltă parte, textul apare aici – și îl auziți în limba dumneavoastră.
0390	Unde ajunge vocea dumneavoastră:[[1]] exclusiv la serverul a cărui adresă este configurată în această aplicație. Niciun al doilea destinatar, nicio înregistrare, nicio stocare. Sunetul este șters după fiecare propoziție. Originalul și traducerea apar mereu alăturat, pentru ca neînțelegerile să fie observate.
0391	Traducere fără valoare obligatorie.[[1]] Pentru salariu, program de lucru și angajamente privind siguranța este nevoie de un om sau de o confirmare scrisă în ambele limbi.
0392	Date de identificare – Standard Plus
0393	Informații conform § 5 din Legea germană privind serviciile digitale (DDG)
0394	De completat înainte de publicare:[[1]] Toate informațiile din paranteze drepte sunt substituenți. O pagină de date de identificare incompletă poate atrage somații.
0395	Furnizor
0396	[Denumirea companiei, forma juridică][[1]] [Strada și numărul][[2]] [Cod poștal și localitate][[3]] [Țara]
0397	Contact
0398	Telefon: [număr de telefon][[1]] E-mail: [kontakt@ihre-domain.de][[2]] Raportări de securitate: [security@ihre-domain.de][[3]] Protecția datelor: [datenschutz@ihre-domain.de]
0399	Reprezentanți legali
0400	[Prenumele și numele conducerii]
0401	Înregistrare
0402	Instanța de înregistrare: [judecătorie][[1]] Număr de înregistrare: [HRB 000000]
0403	TVA
0404	Cod de identificare TVA conform § 27a din Legea germană a TVA: [DE000000000]
0405	Autorizație și supraveghere
0406	Dacă se desfășoară activitate de agent de muncă temporară, este necesară o autorizație conform § 1 din Legea germană privind munca temporară.
0407	Autorizație acordată de: [Agenția Federală pentru Ocuparea Forței de Muncă, direcția regională competentă][[1]] Acordată la: [data] · Număr de dosar: [număr]
0408	Simpla intermediere pe piața muncii, fără punere la dispoziție, nu necesită autorizație, dar intră sub incidența art. 296 și urm. SGB III. În special: de regulă nu se poate cere nicio remunerație persoanelor în căutarea unui loc de muncă. Vă rugăm să verificați modelul de afaceri în acest sens.
0409	Responsabilitate editorială
0410	Responsabil pentru conținutul jurnalistic-editorial conform § 18 alin. (2) din Tratatul interstatal german privind mass-media:[[1]] [Prenume și nume][[2]][Adresă]
0411	Soluționarea litigiilor cu consumatorii
0412	[Nu] suntem dispuși sau obligați să participăm la proceduri de soluționare a litigiilor în fața unei instanțe de arbitraj pentru consumatori.
0413	Notă: Platforma de soluționare online a litigiilor a Comisiei Europene a fost închisă în iulie 2025. Trimiterea obișnuită anterior la ec.europa.eu/consumers/odr nu mai are ce căuta în datele de identificare.
0414	Răspunderea pentru conținut
0415	În calitate de furnizor de servicii, răspundem pentru propriul conținut de pe aceste pagini conform legilor generale. Totuși, nu suntem obligați să monitorizăm informațiile terților transmise sau stocate ori să investigăm împrejurări care indică o activitate ilegală. Obligațiile de eliminare sau blocare a utilizării informațiilor conform legilor generale rămân neafectate. O răspundere în acest sens este posibilă doar din momentul luării la cunoștință a unei încălcări concrete a legii. De îndată ce aflăm de astfel de încălcări, eliminăm imediat conținutul respectiv.
0416	Răspunderea pentru linkuri
0417	Acest site trimite în mod intenționat doar către propriile pagini. Dacă în viitor vor fi adăugate linkuri externe: nu avem nicio influență asupra conținutului acestora. Pentru conținutul paginilor către care se face trimitere răspunde întotdeauna furnizorul respectiv.
0418	Drepturi de autor
0419	Conținutul și operele create de operatorii site-ului sunt supuse dreptului german al drepturilor de autor. Contribuțiile terților sunt marcate ca atare.
0420	Accesibilitate
0421	Construim această platformă conform cerințelor WCAG 2.1, nivelul AA. Vă rugăm să semnalați barierele la [kontakt@ihre-domain.de]; le remediem rapid.
0422	Interviu video – Standard Plus
0423	Interviu video
0424	Interviu cu traducere live
0425	Discuție demonstrativă:[[1]] Acces liber, deoarece aici sunt folosite exclusiv persoane fictive și un dialog pregătit. Un interviu real este disponibil doar după autentificare și aprobare reciprocă.
0426	Alegeți-vă rolul. Ambele părți vorbesc propria limbă, traducerea are loc în timp real.
0427	Niciun server de interpretare configurat:[[1]] Mai jos vedeți discuția exemplu pregătită – propoziții fixe, fără traducere reală. De îndată ce adresa propriului server este introdusă în [[2]]assets/sp-konfig.js[[3]], aici apare butonul pentru interpretul live.
0428	Thomas Becker[[1]] [[2]]Director resurse umane · Musterbau AG[[3]] [[4]][[5]]DE[[6]] vorbește germană
0429	Ion Tudose[[1]] [[2]]Maistru și șef de șantier[[3]] [[4]][[5]]RO[[6]] vorbește română
0430	Sunt de acord ca vorbirea mea să fie tradusă automat în timpul discuției. Prelucrarea are loc pe servere din UE (art. 6 alin. (1) lit. (a) GDPR). [[1]]Obligatoriu.
0431	Suplimentar: discuția poate fi înregistrată. Fără acordul ambelor părți nu are loc nicio înregistrare. Voluntar, poate fi retras oricând.
0432	Suplimentar: se poate crea un proces-verbal automat al discuției. Decizia finală o ia întotdeauna un om (art. 22 GDPR).
0433	Vă rugăm să alegeți rolul și să vă dați acordul
0434	Doar interpret, fără video
0435	· [[1]]Înapoi la panou[[2]] · [[3]]Politica de confidențialitate
0436	Interviu · Ion Tudose și Thomas Becker
0437	Fără înregistrare
0438	Criptat de la un capăt la altul
0439	Informații de securitate
0440	Profil
0441	Proces-verbal
0442	Evaluare
0443	Ion Tudose
0444	Maistru · 8 ani de experiență
0445	Română, germană B1
0446	Structură la roșu
0447	Beton armat
0448	Autorizație de macaragiu
0449	Potrivire cu postul
0450	Calculată pe baza calificării, experienței, regiunii și disponibilității. Ponderea poate fi consultată în profil.
0451	Thomas Becker
0452	Director resurse umane · Musterbau AG
0453	Companie verificată
0454	Proces-verbal automat
0455	Procesul-verbal este completat în timpul discuției.
0456	Procesul-verbal este o ciornă și trebuie verificat înainte de utilizare. Se șterge automat după 90 de zile.
0457	Evaluare
0458	Comunicare
0459	Competență profesională
0460	Siguranța muncii
0461	Impresie generală
0462	Această evaluare este un sprijin decizional. O respingere nu poate avea loc doar pe baza ei (art. 22 GDPR).
0463	Traducere activă
0464	Traducere live
0465	Română
0466	Șterge istoricul
0467	Discuția începe imediat ce cineva vorbește. Fiecare traducere este afișată împreună cu textul original.
0468	Cameră
0469	Microfon
0470	Partajează ecranul
0471	Discuție exemplu
0472	Interpret live
0473	Înregistrare
0474	Participanți
0475	Încheie interviul
0476	Interpretul este pregătit.
0477	Mesaj
0478	Scrieți un mesaj – va fi tradus
0479	Trimite
0480	Autentificare – Standard Plus
0481	Accesul dumneavoastră la[[1]]specialiști verificați
0482	Un singur cont pentru potrivire, interviuri, contracte și transport – securizat conform stadiului actual al tehnicii.
0483	Autentificare în doi pași pentru fiecare cont de companie
0484	Datele rămân în centre de date din UE
0485	Fiecare autentificare este înregistrată și poate fi consultată
0486	Datele de contact nu sunt transmise fără aprobare
0487	27[[1]][[2]]state UE
0488	24[[1]][[2]]limbi
0489	0[[1]][[2]]trackere
0490	Sesiunea dumneavoastră s-a încheiat automat după 15 minute de inactivitate. Vă rugăm să vă autentificați din nou.
0491	Autentificare sau înregistrare
0492	Înregistrare
0493	Bine ați revenit
0494	Autentificați-vă cu datele de acces.
0495	Fax (vă rugăm să lăsați gol)
0496	Adresă de e-mail
0497	nume@companie.ro
0498	Vă rugăm să introduceți o adresă de e-mail validă.
0499	Parolă
0500	Parola dumneavoastră
0501	Afișează parola
0502	Vă rugăm să introduceți parola.
0503	Ține minte acest dispozitiv 30 de zile
0504	Ați uitat parola?
0505	Continuă spre confirmare
0506	Prototip:[[1]] Conturile sunt create cu adevărat, dar stocate exclusiv în acest browser. Nimic nu este trimis către un server. Parolele sunt sărate și stocate ca valoare hash, niciodată în text clar.
0507	Date de acces pentru testare
0508	Pentru a putea vedea întregul proces din ambele perspective, sunt configurate conturi exemplu. Parola în fiecare caz: [[1]]Demo!2026
0509	Rol
0510	Angajator (Musterbau AG)
0511	demo@unternehmen.invalid
0512	Angajat (Ion Tudose)
0513	demo1@beispiel.invalid
0514	Angajată (Maria Kovacs)
0515	demo0@beispiel.invalid
0516	Astfel de conturi comune există doar în prototip. În funcționarea reală, fiecare cont are propria parolă și protecție în doi pași.
0517	Nu aveți încă un cont?
0518	Înregistrați-vă acum
0519	1[[1]]Rol
0520	2[[1]]Date de acces
0521	3[[1]]Confirmare
0522	Cum doriți să folosiți Standard Plus?
0523	Alegeți-vă rolul. După aceea vă cerem doar ce este cu adevărat necesar.
0524	Angajator
0525	Caut personal[[1]] [[2]]Publicați posturi, căutați profiluri verificate și trimiteți cereri. Plătiți doar când se realizează o plasare.
0526	Caut un loc de muncă[[1]] [[2]]Creați un profil, încărcați documentele și fiți găsit de companii. Utilizarea este permanent gratuită pentru dumneavoastră.
0527	Companie de transport
0528	Eu fac cursa[[1]] [[2]]Introduceți curse cu zilele săptămânii și opririle. Lucrătorii plasați vă găsesc cursele și rezervă direct ziua potrivită.
0529	Datele dumneavoastră devin vizibile doar după ce aprobați o cerere. Până atunci, ceilalți văd doar informații profesionale, fără nume și date de contact.
0530	Sunteți deja înregistrat?
0531	Autentificați-vă acum
0532	Angajator[[1]] [[2]]Caut personal
0533	Modifică
0534	Creează cont
0535	Doar cinci informații – profilul îl completați apoi în liniște.
0536	Denumirea companiei
0537	Numele dumneavoastră
0538	Prenume
0539	Nume
0540	Servește drept nume de utilizator. Nu trimitem publicitate fără acordul dumneavoastră.
0541	Cel puțin 12 caractere
0542	cel puțin 12 caractere
0543	Litere mari și mici
0544	cel puțin o cifră
0545	un caracter special
0546	Am citit [[1]]termenii și condițiile[[2]] și [[3]]politica de confidențialitate[[4]] și sunt de acord cu prelucrarea descrisă acolo. [[5]](obligatoriu)
0547	Doresc să primesc noutăți despre produs prin e-mail. Pot retrage acordul oricând.
0548	Înregistrarea nu este posibilă fără acest acord.
0549	Înapoi
0550	Confirmare în doi pași
0551	Introduceți codul de șase cifre din aplicația de autentificare. Codul se schimbă la fiecare 30 de secunde.
0552	Cifra 1
0553	Cifra 2
0554	Cifra 3
0555	Cifra 4
0556	Cifra 5
0557	Cifra 6
0558	Vă rugăm să introduceți toate cele șase cifre.
0559	Finalizează autentificarea
0560	În prototip este acceptat orice cod de șase cifre. În producție: TOTP conform RFC 6238, codurile pot fi folosite o singură dată, după cinci încercări eșuate contul este blocat 15 minute.
0561	Acces cu cod de recuperare
0562	· [[1]]Securitate[[2]] · [[3]]Date de identificare[[4]] · [[5]]Setări cookie-uri
0563	Standard Plus - platforma europeană de recrutare. Potrivire cu minimum de date, traducere live în interviu, contracte digitale. Funcționare exclusiv în UE.
0564	Standard Plus – Recrutare pentru Europa
0565	Pagina principală Standard Plus
0566	Recrutare în toată Europa
0567	Standard Plus[[1]]Conectăm oameni.[[2]][[3]]Construim succesul.
0568	Specialiști calificați. De încredere. Personal. Rapid.
0569	Platforma europeană care reunește companii, agenții și talente – cu profiluri verificate, traducere live în interviu și contracte digitale. Datele cu caracter personal devin vizibile doar după aprobarea reciprocă.
0570	Ce căutați?
0571	Descrieți pe cine căutați – de ex. maistru pentru München, disponibil imediat
0572	Sugestii
0573	Fără autentificare · fiecare sugestie este explicată · [[1]]Căutați o companie?
0574	Înregistrare gratuită
0575	Vezi profiluri
0576	27[[1]][[2]]state membre UE
0577	24[[1]][[2]]limbi în interviu
0578	0[[1]][[2]]trackere externe
0579	Sugestiile dumneavoastră de azi[[1]] [[2]]4 noi
0580	Maria K.[[1]] [[2]]Asistentă medicală · 12 ani · germană B2
0581	Ion T.[[1]] [[2]]Maistru · 8 ani · germană B1
0582	Piotr W.[[1]] [[2]]Dezvoltator full-stack · 10 ani
0583	Vizualizare pseudonimizată: numele de familie, datele de contact și documentele sunt comunicate doar după acordul reciproc (minimizarea datelor, art. 5 alin. (1) lit. (c) GDPR).
0584	Centre de date în UE
0585	TLS 1.3 · Stocare criptată
0586	Autentificare în doi pași
0587	Profiluri de companii verificate
0588	Fără trackere terțe
0589	Profiluri verificate din toată Europa
0590	Fiecare profil este verificat pentru dovezile de calificare înainte de activare. Este vizibil doar ce este necesar pentru preselecție.
0591	Maria K.
0592	Asistentă medicală autorizată
0593	Cluj (RO) → Germania
0594	Terapie intensivă
0595	Urgențe
0596	Germană B2
0597	12 ani
0598	Potrivire profesională
0599	Solicită contact
0600	Vezi profilul
0601	Ion T.
0602	Maistru și șef de șantier
0603	Timișoara (RO) → Bavaria
0604	Germană B1
0605	Piotr W.
0606	Dezvoltator full-stack
0607	Varșovia (PL) → La distanță / UE
0608	React
0609	Node.js
0610	Engleză C2
0611	Andreea M.
0612	Sous-chef
0613	București (RO) → Viena
0614	Fine dining
0615	À la carte
0616	Patiserie
0617	Luca E.
0618	Electrician instalator
0619	Milano (IT) → Frankfurt
0620	Instalații industriale
0621	Fotovoltaice
0622	Germană A2
0623	Sofia D.
0624	Asistentă geriatrică (autorizată)
0625	Sofia (BG) → Stuttgart
0626	Îngrijire demență
0627	Paliativ
0628	9 ani
0629	Caută în toate profilurile
0630	Căutarea, filtrele și profilurile complete sunt disponibile după autentificare.
0631	De la profil la contract în patru pași
0632	Fiecare pas este documentat și transparent pentru ambele părți.
0633	Pasul 01
0634	Creați profilul
0635	Introduceți calificările, nivelul de limbă și preferințele. Documentele sunt stocate criptat și comunicate doar după aprobare explicită.
0636	Pasul 02
0637	Primiți sugestii
0638	Potrivirea evaluează calificarea, experiența, regiunea și disponibilitatea. Ponderea poate fi consultată oricând.
0639	Pasul 03
0640	Aprobare reciprocă
0641	Datele de contact devin vizibile doar când ambele părți sunt de acord. Fără contact nesolicitat, fără transmitere către terți.
0642	Pasul 04
0643	Interviu și contract
0644	Interviu video cu traducere live, apoi semnarea digitală a contractului și coordonarea călătoriei.
0645	Funcții
0646	Toate modulele lucrează împreună
0647	De la prima sugestie până la prima zi de muncă – fără a schimba sistemul.
0648	Potrivire
0649	Evaluează peste 40 de criterii și explică transparent fiecare sugestie. Nicio respingere automată fără verificare umană (art. 22 GDPR).
0650	Transparent
0651	Traducere în timp real în 24 de limbi UE, direct în interviul video. Prelucrare pe servere din UE, înregistrare doar cu acordul ambelor părți.
0652	24 de limbi
0653	Contracte digitale
0654	Semnătură eIDAS, arhivare sigură și termene automate de ștergere pentru fiecare tip de document.
0655	eIDAS
0656	Transport și sosire
0657	Călătoria, cazarea și programările la autorități coordonate prin platformă – cu urmărirea stadiului pentru toți cei implicați.
0658	Indicatori privind duratele, motivele de abandon și ratele de succes. Export CSV sau PDF, agregat și fără date personale.
0659	Centru de securitate
0660	Autentificare în doi pași, lista dispozitivelor, jurnal de acces și canal de raportare a vulnerabilităților – vizibile pentru fiecare cont.
0661	Protecția datelor și securitate
0662	Datele candidaților merită o protecție specială.[[1]]Așa le și tratăm.
0663	În recrutare se adună informații despre sănătate, acte de identitate și date salariale. De aceea, la Standard Plus protecția datelor nu este un supliment, ci parte a arhitecturii: datele sunt colectate cu măsură, pseudonimizate devreme și șterse după termene fixe.
0664	Măsurile în detaliu
0665	Găzduire în UE
0666	Prelucrare și copii de siguranță exclusiv în centre de date din UE. Niciun transfer către țări terțe.
0667	Criptare
0668	TLS 1.3 la transmisie, AES-256 la stocare, gestionarea separată a cheilor.
0669	Protecția accesului
0670	2FA obligatoriu pentru conturile de companie, concept de roluri și drepturi, blocare automată după 15 minute.
0671	Concept de ștergere
0672	Datele candidaturilor sunt șterse automat cel târziu la șase luni după încheiere.
0673	Transparență
0674	Fiecare accesare a unui profil este înregistrată și poate fi consultată în centrul de confidențialitate.
0675	Fără trackere
0676	Fără rețele de publicitate, fără fonturi externe, fără transmitere către brokeri de date.
0677	Două variante – dumneavoastră alegeți
0678	Fie plătiți [[1]]pentru fiecare plasare reușită[[2]], fie alegeți un [[3]]abonament cu plasări nelimitate[[4]]. Ambele fără costuri ascunse. Toate prețurile nu includ TVA.
0679	Modelul A · Plată unică
0680	Dacă angajați rar
0681	pentru fiecare plasare reușită, scadentă doar după semnarea contractului. Fără taxă de bază, fără durată minimă.
0682	Modelul B · Abonament
0683	Dacă aveți nevoi permanente
0684	399 € + 119 €/lună
0685	taxă unică de pornire, apoi lunar – pentru plasări [[1]]nelimitate[[2]].
0686	Regulă generală: de la aproximativ trei plasări pe an, abonamentul este mai avantajos – calculat cu nivelul Professional (899 €) față de 1.827 € în primul an de abonament.
0687	Modelul A
0688	Plată unică
0689	Plătiți [[1]]doar în caz de succes[[2]] – scadent doar după semnarea contractului de muncă. Fără taxă de bază, fără durată minimă, fără reziliere necesară.
0690	PREȚ PE PLASARE
0691	Bază[[1]]Muncitori necalificați și semicalificați
0692	Professional[[1]]Specialiști cu formare profesională finalizată
0693	Specialiști[[1]]Inginerie, medicină, IT
0694	Executive[[1]]Personal de conducere
0695	ÎNTOTDEAUNA INCLUS
0696	Căutare, preselecție și documente verificate
0697	Interviu video cu traducere live
0698	Contract digital eIDAS
0699	Înlocuire fără cost suplimentar dacă cineva pleacă în primele trei luni
0700	Un specialist (Professional)[[1]]o singură dată, după aceea nu mai plătiți nimic
0701	Solicită o plasare individuală
0702	Factură după semnarea contractului, plătibilă în 14 zile.
0703	Modelul B
0704	Abonament
0705	Pentru nevoi permanente: [[1]]plasări nelimitate[[2]] la preț fix. Plătiți o taxă unică de pornire și apoi lunar.
0706	CE PLĂTIȚI
0707	Taxă de pornire[[1]]o singură dată, la începutul contractului
0708	Abonament lunar[[1]]din prima lună
0709	Durată minimă[[1]]apoi reziliabil lunar, cu preaviz de o lună
0710	Cost după 6 luni[[1]]399 € + 6 × 119 €
0711	Cost după 12 luni[[1]]399 € + 12 × 119 €
0712	ÎN PLUS FAȚĂ DE MODELUL A
0713	Plasări nelimitate fără costuri suplimentare
0714	Persoană de contact dedicată în locul asistenței generale
0715	Tratarea prioritară a cererilor dumneavoastră
0716	Rapoarte și exportul indicatorilor
0717	Total în primul an[[1]]indiferent câte posturi ocupați
0718	Pornește abonamentul
0719	Fără prelungire automată pe perioade lungi – după șase luni continuă lunar.
0720	Pe scurt[[1]].[[2]]
0721	Plată unică dacă angajați rar. Abonament dacă aveți nevoi permanente – cu asistență continuă și înlocuire în 84 de ore în caz de absențe mai lungi.
0722	Când merită abonamentul?
0723	Calcul exemplu pentru specialiști cu formare (modelul Professional, 899 € pe plasare) comparativ cu abonamentul în primul an.
0724	Posturi ocupate pe an
0725	Mai avantajos
0726	1 post
0727	2 posturi
0728	aproximativ la fel
0729	3 posturi
0730	5 posturi
0731	Pe scurt:[[1]] Până la două angajări pe an, plata unică este mai bună. De la a treia, abonamentul merită. La muncitorii necalificați și semicalificați (399 €), pragul se mută la aproximativ cinci angajări.
0732	Dacă facem plasări prin parteneri, comisionul este de 20 %. Se aplică [[1]]termenii și condițiile[[2]]. Persoanelor în căutarea unui loc de muncă nu li se percepe nicio taxă.
0733	Domenii
0734	Plasare în toate domeniile profesionale
0735	Logistică și transport
0736	Gastronomie și hoteluri
0737	Administrație și birou
0738	Agricultură
0739	Industrie și producție
0740	Educație și îngrijirea copiilor
0741	Electrotehnică
0742	Comerț cu amănuntul
0743	Drept și finanțe
0744	Cercetare și laborator
0745	Creativ și design
0746	Regiuni
0747	Toate cele 27 de state UE
0748	Accent pe coridorul Germania, Austria și Europa de Sud-Est. Plasările în Elveția urmează reguli separate, deoarece aceasta nu intră sub incidența liberei circulații din UE.
0749	Austria
0750	România
0751	Polonia
0752	Cehia
0753	Ungaria
0754	Bulgaria
0755	Croația
0756	Slovacia
0757	Slovenia
0758	Italia
0759	Franța
0760	Spania
0761	Portugalia
0762	Țările de Jos
0763	Belgia
0764	Luxemburg
0765	Danemarca
0766	Suedia
0767	Finlanda
0768	Irlanda
0769	Grecia
0770	Malta
0771	Cipru
0772	Estonia
0773	Letonia
0774	Lituania
0775	Elveția · reguli speciale
0776	Pregătit pentru următoarea angajare?
0777	Creați un cont, descrieți nevoia, primiți profiluri potrivite – fără costuri în avans.
0778	Verifică securitatea
0779	De încredere.
0780	Competent.
0781	Durabil.
0782	Platforma europeană de recrutare. Construită cu minimum de date, operată integral în UE.
0783	Platformă
0784	Cum funcționează
0785	Juridic și securitate
0786	Setări cookie-uri
0787	GDPR
0788	Profiluri exemplu – Standard Plus
0789	Profiluri exemplu
0790	Așa arată profilurile
0791	Aici puteți vedea ambele tipuri de profil în detaliu – fără autentificare și fără aprobare. Sunt conturi exemplu fictive; pentru profilurile reale se aplică, desigur, în continuare vizibilitatea pe niveluri.
0792	Profil de angajat
0793	Maistru și șef de șantier din România – un profil de candidat complet completat.
0794	CE CONȚINE PROFILUL
0795	Nume, vârstă, cetățenie, origine și țara dorită
0796	Meserie, domeniu, experiență, așteptări salariale, disponibilitate
0797	Categorii de permis de conducere și disponibilitatea de a se muta
0798	Cunoștințe de limbi străine cu niveluri de la A1 la C2
0799	Parcursul profesional sub formă de cronologie
0800	Referințe, diplome și certificate cu mențiune de verificare
0801	Evaluări de la angajatori anteriori
0802	Vezi profilul complet de angajat
0803	Pentru comparație: vizualizare restricționată
0804	Alt exemplu: [[1]]Maria Kovács, asistentă medicală
0805	Profil de angajator
0806	Companie de construcții din München – un profil de companie complet completat.
0807	Companie, formă juridică, domeniu, sediu și anul înființării
0808	Mărime și toate locațiile
0809	Persoană de contact cu funcție și date de contact
0810	Ce li se oferă angajaților: cazare, curs de limbă, costuri de transport
0811	Posturi deschise cu salariu
0812	Extras din registrul comerțului și autorizație de muncă temporară
0813	Evaluări de la foști angajați
0814	Vezi profilul complet de angajator
0815	Alt exemplu: [[1]]Musterklinikum Berlin
0816	Cine vede cât?
0817	Aceleași date, patru niveluri. Acesta este nucleul conceptului de protecție a datelor: nu există nicio cale către datele de contact sau documente, în afara aprobării reciproce.
0818	Nivel
0819	Cine
0820	Vizibil
0821	Ascuns
0822	Public
0823	neautentificat
0824	Meserie, domeniu, regiune, experiență
0825	restul
0826	Restricționat
0827	autentificat, fără aprobare
0828	tot ce ține de profesie, limbi, parcurs, evaluări
0829	Numele de familie, datele de contact, numele angajatorilor anteriori, conținutul documentelor
0830	Vizualizare completă
0831	aprobare reciprocă
0832	tot, documente descărcabile
0833	nimic
0834	Blocat
0835	una dintre părți a blocat
0836	tot
0837	Doar pentru conturile exemplu:[[1]] Vizualizarea exemplu funcționează exclusiv pentru profilurile demonstrative fictive. Dacă parametrul este adăugat la un cont real, se aplică în continuare vizibilitatea normală pe niveluri – altfel protecția nu ar avea valoare.
0838	Fără conexiune – Standard Plus
0839	Momentan fără conexiune
0840	Această pagină nu era încă salvată în aplicație. Imediat ce dispozitivul este din nou online, se va încărca normal.
0841	Paginile deja vizitate se deschid și fără internet. Cererile, rezervările și interpretul au nevoie de conexiune.
0842	Spre pagina principală
0843	Spre panou
0844	Vezi profilul – Standard Plus
0845	Prototip:[[1]] Toate informațiile afișate aici provin din baza de date locală din acest browser. Profilurile exemplu sunt fictive. În funcționarea reală, serverul decide din nou, la fiecare accesare, ce câmpuri aveți voie să vedeți.
0846	Lăsați o evaluare
0847	Pot evalua doar conturile care au colaborat efectiv. Evaluarea dumneavoastră este publicată și asociată contului dumneavoastră.
0848	Impresie generală
0849	Stele
0850	Despre ce a fost vorba?
0851	de ex. angajare ca maistru
0852	Perioadă
0853	de ex. 2024 până în 2025
0854	Experiența dumneavoastră
0855	Obiectiv și verificabil. Fără informații despre sănătate, religie sau origine.
0856	Evaluările nepotrivite sau ilegale sunt eliminate.
0857	Publică evaluarea
0858	Adaugă în lista mea de blocare
0859	Acest profil va fi ascuns pentru dumneavoastră și nu mai sunt posibile cereri în nicio direcție. Blocarea se aplică [[1]]doar contului dumneavoastră[[2]] – alte companii și candidați nu văd nimic din aceasta.
0860	În mod intenționat nu avem o listă neagră comună, între companii. Ar fi ilegală.
0861	Motiv (vizibil doar pentru dumneavoastră, opțional)
0862	Blochează
0863	Profilul meu – Standard Plus
0864	Cont creat.[[1]] Cu cât profilul este mai complet, cu atât sugestiile sunt mai bune. Documentele și parcursul profesional fac cea mai mare diferență.
0865	Tot ce află cealaltă parte despre dumneavoastră se găsește aici. Cât vede cineva depinde de aprobare.
0866	Cont
0867	· creat [[1]]azi
0868	Profil completat
0869	Cum îmi văd alții profilul
0870	Persoană și calificare
0871	Înainte de aprobare, ceilalți văd doar prima literă.
0872	Anul nașterii
0873	Stocăm doar anul, nu data exactă.
0874	Cetățenie
0875	de ex. română
0876	Localitatea de domiciliu
0877	Meserie sau formare
0878	de ex. asistentă medicală autorizată
0879	Domeniu
0880	Vă rugăm să alegeți
0881	Țara de origine
0882	Țara dorită
0883	Experiență profesională în ani
0884	Cunoștințe de limba germană
0885	Salariu net lunar dorit
0886	Disponibil
0887	imediat
0888	în 2 săptămâni
0889	în 4 săptămâni
0890	în 3 luni
0891	Categorii de permis de conducere
0892	Număr de telefon
0893	Se transmite doar după aprobarea dumneavoastră.
0894	Cunoștințe profesionale
0895	Separate prin virgulă, de ex. terapie intensivă, urgențe
0896	Despre mine
0897	Ce ar trebui să știe o companie despre dumneavoastră? Priorități, realizări, dorințe.
0898	Sunt dispus să mă mut.
0899	Profilul meu poate fi afișat companiilor în formă pseudonimizată. Fără bifă, nimeni nu vă poate găsi.
0900	Salvează datele
0901	Parcurs profesional
0902	Unde ați lucrat până acum? Aceste informații sunt cele mai relevante pentru companii.
0903	Adaugă o etapă
0904	Funcție
0905	Țară
0906	De la (anul)
0907	Până la
0908	Anul sau azi
0909	Activitate
0910	Sarcini, responsabilitate, mărimea echipei, proiecte speciale
0911	Salvează etapa
0912	Informații despre companie
0913	Formă juridică
0914	de ex. SRL
0915	Sediu
0916	Înființată
0917	Angajați
0918	1 până la 9
0919	10 până la 49
0920	50 până la 249
0921	250 până la 999
0922	1000 și peste
0923	Persoană de contact
0924	de ex. director resurse umane
0925	Despre companie
0926	Ce faceți, pe cine căutați, cum lucrați?
0927	Ce le oferim angajaților
0928	Un beneficiu pe rând, de ex.\nCazare în primele trei luni\nCurs de germană în timpul programului
0929	Mai ales la plasările din străinătate, acesta este adesea factorul decisiv.
0930	Locații
0931	Separate prin virgulă, de ex. München, Nürnberg
0932	Anunțurile mele de angajare
0933	Publică un post nou
0934	Denumirea postului
0935	de ex. asistent medical (m/f/d)
0936	Locul de muncă
0937	Salariu
0938	de ex. 3.000 până la 3.400 EUR
0939	Descriere
0940	Publică postul
0941	Datele companiei
0942	de ex. SRL, GmbH
0943	Fără licență valabilă nu există activare.[[1]] Transportul transfrontalier de persoane necesită o licență comunitară conform Regulamentului (CE) nr. 1073/2009. Datele dumneavoastră sunt verificate înainte de activare.
0944	Licență comunitară
0945	Număr și valabilitate
0946	Asigurare
0947	Asigurător și acoperire
0948	Telefon
0949	Vehicule
0950	de ex. 6 autocare, 49 până la 57 de locuri
0951	Ce oferiți – un rând pentru fiecare punct
0952	Bagaj până la 2 valize inclus\nȘoferul vorbește germană și română
0953	Vehiculele mele
0954	Fiecare vehicul cu numărul de înmatriculare. După rezervare, călătorii văd cu ce vehicul merg – de la mașina de șapte locuri la autocar.
0955	Adaugă vehicul
0956	Număr de înmatriculare
0957	Tipul vehiculului
0958	Autocar
0959	Microbuz
0960	Microbuz, 9 locuri
0961	Dubă, 7 locuri
0962	Marcă și model
0963	de ex. Setra S 516 HD
0964	Locuri
0965	Anul fabricației
0966	Dotări – separate prin virgulă
0967	Wi-Fi, aer condiționat, toaletă la bord, priză la loc
0968	Salvează vehiculul
0969	Șoferii mei
0970	Nu sunt publice.[[1]] Numele și numărul de telefon ale șoferilor sunt date cu caracter personal. Sunt afișate doar pasagerilor cursei respective – nu în lista publică (art. 5 alin. (1) lit. (c) GDPR). Obțineți în prealabil acordul șoferilor.
0971	Adaugă șofer
0972	Nume
0973	În companie din
0974	Limbi – separate prin virgulă
0975	Română, germană, maghiară
0976	Salvează șoferul
0977	Cursele mele
0978	O cursă este o călătorie recurentă: același traseu, aceleași zile ale săptămânii, aceeași oră de plecare. Lucrătorii plasați primesc automat, pe baza ei, sugestii pentru zilele de călătorie potrivite.
0979	Adaugă o cursă nouă
0980	Orar – un rând pentru fiecare oprire
0981	Timișoara 17:30\nArad 19:00\nBudapesta 23:30\nViena 04:15\nMünchen 11:00\nStuttgart 14:30
0982	Locul și ora, în ordinea călătoriei. Dacă o oră este mai mică decât cea anterioară, se consideră ziua următoare. Fiecare oprire poate fi rezervată pentru urcare și coborâre – inclusiv segmente de traseu, fiecare cu durata corectă.
0983	Rezultat
0984	În ce zile circulă cursa?
0985	Lu
0986	Ma
0987	Mi
0988	Jo
0989	Vi
0990	Sâ
0991	Du
0992	Preț pe loc
0993	Locuri în autocar
0994	Vehicul pentru această cursă
0995	Încă nestabilit – se alocă pentru fiecare călătorie
0996	Călătorii văd acest vehicul imediat după rezervare. Îl puteți schimba ulterior pentru anumite călătorii.
0997	Informație pentru călători
0998	de ex. oprire în Stuttgart la autogara SBB, peronul 4
0999	Publică cursa
1000	Călătorii rezervate
1001	Cunoștințe de limbi străine
1002	Niveluri conform Cadrului european comun de referință.
1003	Limbă
1004	de ex. germană
1005	Nivel
1006	Limbă maternă
1007	Adaugă limbă
1008	Referințe, diplome și certificate
1009	Încărcați documentele. Conținutul devine accesibil doar după aprobarea reciprocă – până atunci, companiile văd doar [[1]]că[[2]] există un document.
1010	de ex. diplomă de asistent medical
1011	Tipul documentului
1012	Recomandare de la angajator
1013	Diplomă sau studii absolvite
1014	Certificat
1015	Decizie de recunoaștere
1016	Permis de conducere
1017	Certificat medical
1018	Registrul comerțului sau autorizație
1019	Autorizație de muncă temporară
1020	Alt document
1021	Alege fișierul
1022	PDF, JPG sau PNG · până la 500 KB sunt salvate în prototip
1023	Fișier
1024	Adaugă document
1025	Fotografii cu lucrări anterioare
1026	Fotografiile proiectelor finalizate spun adesea mai mult decât orice descriere. Aveți grijă să nu fotografiați persoane fără acordul lor și nici secrete comerciale.
1027	Descrierea imaginii
1028	de ex. structură la roșu, complex rezidențial Cluj 2024
1029	Alege imaginea
1030	Redusă automat la 900 de pixeli
1031	Imagine
1032	Adaugă imagine
1033	Evaluările mele
1034	Primiți evaluări de la conturile cu care a existat o aprobare reciprocă.
1035	Cereri și aprobări
1036	Datele de contact sunt schimbate doar după ce [[1]]ambele părți[[2]] și-au dat acordul. Fiecare decizie este înregistrată.
1037	Lista mea de blocare
1038	Aici apar conturile pe care le-ați ascuns. Blocarea se aplică [[1]]doar dumneavoastră[[2]].
1039	În mod intenționat nu există o listă neagră comună, între companii. Ar fi ilegală conform GDPR și Legii generale germane privind egalitatea de tratament și ar putea duce la cereri de despăgubire.
1040	Notă prototip:[[1]] Conturile, profilurile, documentele și imaginile sunt stocate exclusiv în acest browser. Nimic nu este transmis către un server. Pentru funcționarea reală, fișierele trebuie păstrate într-un spațiu de stocare cu scanare antivirus și linkuri semnate.
1041	Măsurile de securitate Standard Plus: criptare, protecția accesului, jurnalizare, canale de raportare a vulnerabilităților.
1042	Securitate – Standard Plus
1043	Cum vă protejăm datele
1044	Această pagină descrie măsurile tehnice și organizatorice conform art. 32 GDPR – verificabil și fără promisiuni de marketing.
1045	Onestitate înaintea sigiliilor:[[1]] Enumerăm aici doar măsurile implementate efectiv. Informațiile despre certificări precum ISO 27001 sau TISAX pot apărea doar când există un certificat valabil – altfel există riscul unor somații în baza dreptului concurenței.
1046	Protecție la toate nivelurile
1047	TLS 1.3 pentru fiecare conexiune, HTTP este redirecționat către HTTPS
1048	HSTS cu durată lungă și subdomenii
1049	AES-256 pentru baza de date, stocarea fișierelor și copiile de siguranță
1050	Gestionarea cheilor separată de date
1051	Acces și identitate
1052	Autentificare în doi pași, obligatorie pentru conturile de companie
1053	Verificarea parolei conform recomandărilor BSI, stocare ca hash Argon2id
1054	Blocare după cinci încercări eșuate, timpi de așteptare progresivi
1055	Deconectare automată după 15 minute de inactivitate
1056	Permisiuni
1057	Concept de roluri după principiul privilegiilor minime
1058	Datele de contact vizibile doar după aprobarea reciprocă
1059	Separarea clienților la nivelul bazei de date
1060	Acces al angajaților doar cu motiv și jurnal
1061	Operare și locație
1062	Centre de date exclusiv în UE
1063	Copie de siguranță zilnică, criptată, păstrare 30 de zile
1064	Restaurare testată cel puțin o dată la șase luni
1065	Contracte de prelucrare a datelor cu toți furnizorii de servicii
1066	Jurnalizare
1067	Fiecare accesare a unui profil este înregistrată cu momentul și motivul
1068	Jurnalele pot fi consultate de persoanele vizate în cont
1069	Stocare protejată împotriva manipulării, separată de sistemul aplicației
1070	Alertă automată pentru tipare neobișnuite de acces
1071	Securitatea aplicației
1072	Content Security Policy strictă, fără [[1]]unsafe-inline
1073	Afișare exclusiv ca text, deci nicio cale pentru XSS
1074	Token CSRF pentru fiecare cerere care modifică date
1075	Dependențele sunt verificate automat pentru vulnerabilități
1076	În detaliu
1077	De ce acest site nu încarcă conținut extern
1078	Fiecare resursă externă inclusă este o posibilă cale de atac și transmite totodată adresa IP a vizitatorilor către terți. De aceea fonturile, pictogramele și scripturile se află pe propriul nostru server.
1079	Regula nu este doar afirmată, ci impusă de browser: politica următoare interzice încărcarea surselor externe și blochează scripturile injectate în conținutul paginii.
1080	Content-Security-Policy:[[1]][[2]] default-src 'self';[[3]] script-src 'self';[[4]] style-src 'self';[[5]] img-src 'self' data:;[[6]] connect-src 'self';[[7]] form-action 'self';[[8]] [[9]] base-uri 'none';[[10]] object-src 'none';
1081	Setate suplimentar ca antete HTTP: Strict-Transport-Security, X-Content-Type-Options, Referrer-Policy, Permissions-Policy și Cross-Origin-Opener-Policy. Configurația de server gata făcută este inclusă în aplicație.
1082	Gestionarea incidentelor de securitate
1083	Detectare:[[1]] monitorizare automată, semnalări externe, verificarea periodică a jurnalelor.
1084	Limitare:[[1]] blocarea accesului afectat, încheierea sesiunilor, schimbarea cheilor.
1085	Raportare:[[1]] dacă există un risc pentru persoanele vizate, notificarea autorității de supraveghere în 72 de ore (art. 33 GDPR); la risc ridicat, și informarea persoanelor vizate (art. 34 GDPR).
1086	Analiză ulterioară:[[1]] analiza cauzelor, măsuri, raport scris în registrul activităților de prelucrare.
1087	Ați găsit o vulnerabilitate?
1088	Ne bucurăm de semnalări și nu luăm măsuri legale atâta timp cât procedați responsabil:
1089	nu vizualizați, modificați sau publicați datele altor persoane
1090	fără atacuri asupra disponibilității, fără testări în masă
1091	90 de zile pentru remediere înainte de publicare
1092	Contact:[[1]] [security@ihre-domain.de][[2]] [[3]]Amprentă PGP:[[4]] [introduceți aici][[5]] [[6]]Citibil automat:[[7]] [[8]]/.well-known/security.txt
1093	Primul răspuns în două zile lucrătoare.
1094	Înainte de lansare
1095	Ce trebuie încă implementat pe server
1096	Această aplicație este un prototip fără backend. Punctele următoare nu pot fi realizate în browser și trebuie neapărat implementate pe server.
1097	Tehnic
1098	Livrarea antetelor de securitate prin serverul web (fișierul [[1]]assets/security-headers.conf[[2]] este inclus)
1099	Cookie-uri de sesiune cu [[1]]HttpOnly[[2]], [[3]]Secure[[4]] și [[5]]SameSite=Strict
1100	Limitarea numărului de cereri pe cont și adresă IP, verificare TOTP reală
1101	Validarea pe server a tuturor datelor introduse și a fișierelor încărcate
1102	Scanare antivirus a referințelor încărcate, stocare în afara directorului web
1103	Organizatoric
1104	Crearea registrului activităților de prelucrare (art. 30 GDPR)
1105	Evaluarea impactului asupra protecției datelor pentru potrivirea candidaților
1106	Contracte de prelucrare a datelor cu serviciul de găzduire și cel de traducere
1107	Verificarea autorizației conform Legii germane privind munca temporară, dacă este cazul
1108	Instruirea angajaților, angajament de confidențialitate
1109	Întrebări despre protecția datelor?
1110	Datele dumneavoastră, controlul dumneavoastră – consultabile și exportabile în centrul de confidențialitate.
1111	Citește politica de confidențialitate
1112	Descrieți cu propriile cuvinte pe cine sau ce căutați - Standard Plus sugerează profiluri potrivite și explică fiecare sugestie.
1113	Căutare – Standard Plus
1114	Descrieți simplu ce căutați
1115	Fără formular, fără filtre. Scrieți cu propriile cuvinte – primiți imediat sugestii potrivite, fiecare cu o explicație.
1116	De exemplu: Caut un maistru pentru München, cel puțin 5 ani de experiență, germană bună, disponibil imediat dacă se poate.
1117	Direcția căutării
1118	Caut angajați
1119	Caut o companie
1120	Afișează sugestii
1121	Cum funcționează:[[1]] Textul dumneavoastră este analizat după termeni cunoscuți – meserii, domenii, localități, niveluri de limbă, termene și cifre. Din acestea rezultă criteriile afișate mai sus. [[2]]Nu este un model lingvistic[[3]], ci o evaluare pe baza unor reguli fixe. De aceea fiecare sugestie poate fi explicată – și de aceea decizia finală rămâne întotdeauna la dumneavoastră (art. 22 GDPR).
1122	Specialiști verificați din UE - prezentare pseudonimizată a profilurilor, cu filtre după domeniu, țară și nivel de limbă.
1123	Talente – Standard Plus
1124	Specialiști verificați din UE
1125	Toate informațiile sunt verificate înainte de activare. Este afișată vizualizarea pseudonimizată – profiluri complete după aprobarea reciprocă.
1126	→ Preferați să descrieți liber pe cine căutați? Spre căutarea liberă cu explicații.
1127	Termen de căutare
1128	Meserie, calificare
1129	Toate domeniile
1130	Toate țările
1131	Nivel de germană
1132	Toate nivelurile
1133	de la A2
1134	de la B1
1135	de la B2
1136	8 profiluri
1137	Resetează filtrele
1138	Afișează rezultatele
1139	Vizualizare cu minimum de date:[[1]] Sunt vizibile doar meseria, nivelul de calificare, nivelul de limbă și regiunea. Numele de familie, data nașterii, datele de contact, fotografia și referințele sunt transmise doar după aprobarea reciprocă, iar acest lucru este înregistrat.
1140	Niciun profil nu corespunde acestei selecții. Vă rugăm să ajustați filtrele.
1141	Deblochează profilurile complete
1142	Înregistrare gratuită. Aprobarea este întotdeauna reciprocă.
1143	Curse de autocar – Standard Plus
1144	Curse de autocar spre Germania
1145	Companii de transport verificate, cu curse regulate. Căutați traseul dumneavoastră – și segmentele de traseu pot fi rezervate, dacă ambele localități sunt pe drum.
1146	De la
1147	de ex. Timișoara
1148	Spre
1149	de ex. Stuttgart
1150	Ziua săptămânii
1151	Toate zilele
1152	Vineri
1153	Sâmbătă
1154	Duminică
1155	0 curse
1156	Pe acest traseu nu circulă nicio cursă înregistrată. Vă rugăm să verificați ortografia sau să alegeți o localitate mai mare din apropiere.
1157	Ce se verifică:[[1]] licența comunitară conform Regulamentului (CE) nr. 1073/2009, dovada asigurării și înscrierea în registrul comerțului. Nicio companie nu este activată fără aceste trei documente. Pentru călătorii de peste 250 km se aplică drepturile pasagerilor conform Regulamentului (UE) nr. 181/2011.
1158	Prototip:[[1]] Companiile și cursele afișate aici sunt fictive. Prețurile, orele de plecare și locurile au doar rol ilustrativ.
1159	Companii verificate la Standard Plus - cu evaluări, beneficii și posturi deschise.
1160	Companii – Standard Plus
1161	Cine angajează la Standard Plus?
1162	Înainte de a aproba o cerere, puteți verifica compania: mărime, locații, beneficii pentru angajați, documente depuse și evaluări ale foștilor angajați.
1163	→ Preferați să descrieți liber ce căutați? Spre căutarea liberă cu explicații.
1164	Companie, localitate
1165	Evaluare minimă
1166	Toate
1167	de la 3 stele
1168	de la 4 stele
1169	de la 4,5 stele
1170	0 companii
1171	Nicio companie nu corespunde acestei selecții.
1172	Găzduire în UE[[1]]Prelucrare și copii de siguranță exclusiv în centre de date din UE. Fără transferuri în țări terțe.
1173	Criptare[[1]]TLS 1.3 la transmitere, AES-256 la stocare, gestionare separată a cheilor.
1174	Protecția accesului[[1]]2FA obligatoriu pentru conturile de companie, concept de roluri și drepturi, blocare automată după 15 minute.
1175	Politica de ștergere[[1]]Datele candidaturilor sunt șterse automat cel târziu la șase luni după finalizare.
1176	Transparență[[1]]Fiecare accesare a unui profil este înregistrată și poate fi consultată în Centrul de confidențialitate.
1177	Fără instrumente de urmărire[[1]]Fără rețele de publicitate, fără fonturi externe, fără transmitere către brokeri de date.
1178	Prețurile Standard Plus: plată unică pentru fiecare plasare reușită sau abonament cu asistență completă. Toate prețurile plus TVA.
1179	Prețuri – Standard Plus
1180	Fie plătiți [[1]]pentru fiecare plasare reușită[[2]], fie rezervați [[3]]abonamentul cu asistență completă[[4]]. Ambele fără costuri ascunse. Toate prețurile plus TVA legal.
1181	Dacă aveți nevoie doar de plasare
1182	Dacă doriți asistență completă
1183	taxă unică de pornire, apoi lunar – plasări [[1]]nelimitate[[2]] și asistență de la căutare până după prima zi de muncă.
1184	Regulă generală: dacă vă ocupați singur de integrare, călătorie și formalități, plata unică vi se potrivește. Dacă doriți totul dintr-o singură sursă, alegeți abonamentul.
1185	Pentru clienții care doresc [[1]]asistență completă[[2]]: ne ocupăm nu doar de specialiști potriviți, ci și de tot ce urmează. Plătiți o taxă unică de pornire și apoi lunar.
1186	ASISTENȚĂ COMPLETĂ – ÎN PLUS FAȚĂ DE MODELUL A
1187	Persoană de contact dedicată pentru toate întrebările – și după prima zi de muncă
1188	Sprijin cu documentele, recunoașterea profesională și demersurile la autorități
1189	Călătoria este organizată – prin firme de transport verificate
1190	Interpret live pentru discuțiile cu noii dumneavoastră angajați
1191	Înlocuire în 84 de ore în cazul absențelor mai lungi
1192	Plată unică, dacă aveți nevoie doar de plasare. Abonament, dacă doriți asistență completă – cu persoană de contact dedicată, sprijin până după prima zi de muncă și înlocuire în 84 de ore în cazul absențelor mai lungi.
1193	Pentru cine merită abonamentul?
1194	Abonamentul nu merită doar de la un anumit număr de angajări, ci pentru toți clienții care doresc [[1]]asistență completă[[2]] – adică nu doar specialiști potriviți, ci și pe cineva care se ocupă de tot ce urmează.
1195	ABONAMENTUL VI SE POTRIVEȘTE DACĂ …
1196	nu doriți să vă ocupați singur de documente, recunoaștere și autorități
1197	doriți ca venirea noilor angajați să fie organizată pentru dumneavoastră
1198	doriți o persoană de contact dedicată în locul unor contacte care se schimbă
1199	aveți nevoie rapid de înlocuire în caz de absență
1200	angajați pentru prima dată specialiști din străinătate
1201	PLATA UNICĂ VI SE POTRIVEȘTE DACĂ …
1202	ocupați doar ocazional un post
1203	vă ocupați singur de integrare, călătorie și formalități
1204	aveți deja experiență cu specialiști din străinătate
1205	Serviciu
1206	inclus
1207	Persoană de contact dedicată
1208	neinclus
1209	Sprijin pentru recunoașterea profesională și autorități
1210	Organizarea călătoriei
1211	Asistență după prima zi de muncă
1212	Plasări nelimitate
1213	Curse de autocar
